FIPS,Median household income (dollars),Margin of Error!!,Mean household income (dollars),Margin of Error!!!Mean household income (dollars)
1001,58786,2972,75515,6810
1003,55962,1204,77212,1732
1005,34186,2552,47909,2220
1007,45340,5618,58529,4043
1009,48695,2703,60646,2567
1011,32152,10285,45516,6022
1013,39109,2026,52630,3285
1015,45197,1578,61653,2172
1017,39872,2347,53553,3613
1019,41014,1931,55611,3533
1021,45182,3184,62771,4644
1023,34884,2927,52247,3593
1025,36127,4237,51892,3475
1027,41225,4334,56739,5041
1029,40188,4625,54871,4661
1031,53155,2474,69305,2466
1033,47558,2607,59835,2618
1035,33177,2481,41773,3214
1037,38301,3436,55936,7431
1039,40601,1923,55315,1974
1041,39812,2817,58669,6758
1043,42558,1523,58564,2355
1045,45960,2816,59184,2415
1047,31602,1447,46049,1751
1049,39233,2081,54158,2412
1051,59347,2721,74630,3394
1053,35000,3118,47508,2634
1055,44023,1776,58953,1822
1057,37458,3109,52024,4182
1059,40459,2822,52295,2707
1061,38142,3168,49724,2639
1063,21804,4672,33639,3716
1065,30571,4241,49368,3835
1067,48610,3806,59476,3258
1069,45496,941,64926,1349
1071,39816,1602,52230,2069
1073,51979,687,75281,1057
1075,36756,2887,51320,5263
1077,46265,1490,64129,2174
1079,44515,2491,58594,2858
1081,48056,1506,69057,2392
1083,56460,3118,74295,2730
1085,30833,3373,47366,2832
1087,32074,2430,48702,3332
1089,63417,1447,85952,1444
1091,32809,3613,50946,6432
1093,35392,3171,50337,3059
1095,42490,1703,61600,2260
1097,46166,1129,63768,1261
1099,30141,4709,45863,3117
1101,47990,1315,68306,1535
1103,49751,2001,65068,2099
1105,23561,2573,33680,4127
1107,37458,3062,54603,4438
1109,34678,3262,54193,4607
1111,41449,3941,56137,4740
1113,40978,2192,53747,2380
1115,54887,2057,65756,2334
1117,75761,1348,95835,2218
1119,23132,2361,38126,4518
1121,41012,1513,54898,2177
1123,43361,3489,56874,2174
1125,52221,1240,69478,1488
1127,41748,1803,56961,2119
1129,40794,3442,54475,5875
1131,27237,4033,42007,3398
1133,38504,3600,51630,3309
2013,69706,4788,81570,4552
2016,85517,3718,101440,4331
2020,83280,1770,106840,2175
2050,54212,2972,70334,3200
2060,84688,10676,99525,9711
2068,84196,7160,91022,8564
2070,58750,4339,72873,4366
2090,77095,2705,94841,3122
2100,64342,19415,76564,9926
2105,63603,6054,77180,5489
2110,88213,3956,107563,7729
2122,66684,2674,84549,3235
2130,70356,3342,86145,3943
2150,78281,9886,90125,7889
2158,35539,3260,46732,3650
2164,46406,5186,60837,6298
2170,75905,1736,90862,1694
2180,58987,3166,73589,3782
2185,75431,13210,93624,9387
2188,62949,3677,80250,4005
2195,66907,2820,87391,7903
2198,54191,2561,66830,2444
2220,71534,4048,89940,5785
2230,72237,5731,83881,4565
2240,71541,6871,80274,4756
2261,82306,5784,95129,8666
2275,57583,7200,70025,6013
2282,65833,9645,73088,5348
2290,40000,2340,53907,3062
4001,32963,1614,44356,1566
4003,48649,1372,62072,1779
4005,57616,1629,75304,2160
4007,42092,1810,55246,2312
4009,51352,2134,59370,2234
4011,60962,3549,71773,5740
4012,33333,5547,46901,4202
4013,61606,305,84884,501
4015,43266,1301,57571,1486
4017,40054,1508,53558,1536
4019,51037,502,70610,690
4021,55550,944,67625,1324
4023,40467,2823,59164,4034
4025,50180,1188,65629,1483
4027,44058,1027,58796,1328
5001,39466,2862,57077,3686
5003,39635,2381,55565,5025
5005,41481,1723,57247,3228
5007,64141,973,88345,1970
5009,43262,1685,58658,2882
5011,39510,1964,54378,3230
5013,44022,5407,57517,4853
5015,43505,2576,58830,4995
5017,33051,2405,53248,7790
5019,39752,3177,54268,2547
5021,33935,3014,46074,3001
5023,43391,3877,59787,3684
5025,42460,5180,57182,3966
5027,36148,2798,53655,5039
5029,41196,3290,57701,3962
5031,45868,1769,66617,3050
5033,46619,1940,61329,4127
5035,39002,3326,55159,2136
5037,43838,3033,61914,6700
5039,36628,4304,44870,3347
5041,30234,3199,43560,3416
5043,43014,6583,57827,4867
5045,51930,2657,69056,2443
5047,39463,2378,49603,2766
5049,36184,3839,47478,3731
5051,43146,1686,62899,3705
5053,51920,3608,66845,5759
5055,47497,2882,58805,2185
5057,41355,3621,52426,3325
5059,41262,1831,54707,3810
5061,35900,4446,59294,7493
5063,43523,2344,59214,3202
5065,40218,3817,50944,5470
5067,33174,2693,52085,4944
5069,38289,2040,53194,2119
5071,37170,1845,49280,3185
5073,32412,3163,59077,10587
5075,38528,2394,50287,2991
5077,28367,5453,41798,4076
5079,45166,10567,54584,4581
5081,45388,4435,59113,5098
5083,39748,2062,52645,3122
5085,57509,2386,69490,1916
5087,43891,3623,61519,6160
5089,35518,3067,45432,3055
5091,41903,1899,56997,2735
5093,37237,1966,52080,2685
5095,35190,6580,47475,3698
5097,37855,4283,51753,4481
5099,37635,4786,45112,4298
5101,39896,6153,47959,3655
5103,34887,2524,49607,3085
5105,46071,6434,56931,4119
5107,29263,3332,44626,3279
5109,37406,4126,52727,4092
5111,39277,2374,47721,2361
5113,37035,1890,48496,3107
5115,41914,2119,57914,2797
5117,41846,2815,52656,3770
5119,50093,1057,74959,1467
5121,36870,2599,50329,4593
5123,35356,2573,45472,2623
5125,62152,2102,75741,1899
5127,35509,4950,44300,3351
5129,36390,3678,48021,5681
5131,43240,1558,61626,2173
5133,46667,3229,57655,4710
5135,33708,3260,47567,7758
5137,36162,3184,49251,4386
5139,44000,2866,59213,3120
5141,36897,2259,50038,2569
5143,49629,1197,72364,2325
5145,43822,2407,62025,3441
5147,31023,3645,47914,4583
5149,42361,2804,58585,4931
6001,92574,1023,122575,889
6003,64688,12933,92738,21812
6005,61198,3241,78014,4792
6007,48443,1477,69621,1909
6009,58151,3310,79782,4095
6011,56704,4501,82313,8367
6013,93712,926,128079,1308
6015,45258,5035,61652,4905
6017,80582,2117,104895,2431
6019,51261,808,71663,949
6021,47395,3209,60614,3329
6023,45528,1359,63753,2235
6025,45834,1861,63186,2149
6027,52874,3230,68448,2709
6029,52479,729,71440,999
6031,53865,2352,69985,2095
6033,42475,2511,60847,2431
6035,56362,1943,71097,3396
6037,64251,247,94484,379
6039,52884,1923,69614,2177
6041,110217,3332,168429,3532
6043,51199,3487,64590,3664
6045,49233,2356,67340,2787
6047,50129,1671,69764,1929
6049,45149,5555,54126,4118
6051,63018,5826,80008,7282
6053,66676,1234,93636,1783
6055,84753,2198,116922,2887
6057,63240,1916,86798,2890
6059,85398,719,117194,953
6061,84357,1469,109020,1802
6063,53270,3391,71648,6749
6065,63948,454,84391,753
6067,63902,512,85289,665
6069,81977,4226,101057,3842
6071,60164,626,77575,643
6073,74855,578,101302,710
6075,104552,1533,149265,1931
6077,61145,1022,81297,1130
6079,70699,1500,93008,1891
6081,113776,1672,162639,1868
6083,71657,1476,101100,1486
6085,116178,938,154183,1056
6087,78041,1462,109141,2364
6089,50905,1445,69130,1537
6091,48125,7465,67464,7908
6093,44200,2158,63208,4614
6095,77609,1309,96029,1658
6097,76753,1039,102483,1743
6099,57387,1316,75761,1233
6101,56955,2206,75716,2651
6103,42899,2347,58939,2659
6105,38497,4689,54856,4224
6107,47518,1141,66651,1317
6109,56493,3992,80361,5059
6111,84017,1199,110792,1246
6113,65923,2023,92571,2182
6115,52624,2827,67391,2493
8001,67575,991,83368,1099
8003,39191,4112,54566,4806
8005,73925,902,101356,1220
8007,50753,5030,69659,5922
8009,37500,2954,51427,3648
8011,34392,6115,47944,3937
8013,78642,1583,109446,2061
8014,89624,4013,115956,4248
8015,54580,3158,68388,4540
8017,55227,5083,66044,6972
8019,69936,4503,85799,7994
8021,34746,3572,49027,3630
8023,30593,3298,44416,4966
8025,37586,5569,49717,4655
8027,44644,9674,60902,9459
8029,44512,3534,61762,4092
8031,63793,757,93650,1388
8033,41714,7892,58964,7859
8035,115314,2028,141587,2022
8037,84685,4478,112356,7134
8039,96658,4279,119132,5678
8041,65334,786,84646,938
8043,46296,2175,61882,3013
8045,72898,3801,87363,3289
8047,75120,6107,104764,16344
8049,70469,6695,79487,6472
8051,54979,3938,72352,4127
8053,52188,11724,76124,12051
8055,36705,3945,50624,4162
8057,48828,8122,56982,5614
8059,78943,1142,102153,1248
8061,39784,3824,57194,8108
8063,51046,4399,70847,13619
8065,46918,4775,61605,7741
8067,64372,2658,90042,5334
8069,67664,1346,88703,1665
8071,41945,3628,55673,3558
8073,49423,6527,64123,6493
8075,48922,4300,62194,3730
8077,53683,1202,68347,1762
8079,61058,4934,75049,8096
8081,52807,6292,69217,4934
8083,46797,4106,59138,2837
8085,48739,2573,60935,2585
8087,51626,2649,63086,3394
8089,34136,2884,46464,3176
8091,62230,7410,76708,6044
8093,66861,6419,83704,8089
8095,50724,6930,72533,9282
8097,71244,5939,127167,16414
8099,40097,2720,52645,3365
8101,44634,1315,60610,1305
8103,55543,4275,69760,5479
8105,38639,2097,54102,4681
8107,74273,3839,98004,6388
8109,34410,5288,52979,7392
8111,46563,9920,65985,12297
8113,64478,4771,100545,12034
8115,45188,6445,55788,5366
8117,77589,4772,95522,6641
8119,65382,5275,80352,4872
8121,49375,4796,64168,4687
8123,70908,1339,85911,1369
8125,48394,3103,64166,4523
9001,92969,1158,150822,1822
9003,72321,966,98005,1070
9005,78314,1991,103002,1937
9007,84761,2066,108934,2755
9009,67128,912,91559,1038
9011,71368,1434,92950,1744
9013,84916,1844,105815,2629
9015,64774,1681,78556,1825
10001,58775,1756,73846,2030
10003,70996,1098,93429,1598
10005,60853,1224,81684,1673
11001,82604,1081,121698,1596
12001,49078,1416,70309,1747
12003,61769,5722,73897,5601
12005,51829,1358,69260,1699
12007,46197,5603,57048,3836
12009,54359,842,73762,1050
12011,57333,578,82204,722
12013,38609,2264,53151,6586
12015,49225,979,66950,1957
12017,41424,1281,56165,1885
12019,62653,2097,78932,2326
12021,65675,1598,106539,2578
12023,44491,3128,62378,3283
12027,35057,2284,48458,3416
12029,38237,2882,51366,6584
12031,53473,609,74331,1030
12033,49286,974,65836,1219
12035,53872,1465,68685,2233
12037,42855,5298,66555,8156
12039,40922,2788,52613,2528
12041,42357,3068,56315,3353
12043,39879,2947,53454,4069
12045,44291,4298,57476,3701
12047,34583,5887,48405,5484
12049,37594,3486,54735,5226
12051,40728,2333,56431,4429
12053,46030,925,59196,1306
12055,37314,1444,55174,3736
12057,56137,604,79843,890
12059,38608,3326,49636,3195
12061,52336,1202,84405,3272
12063,39002,2199,51417,2191
12065,48173,8083,61993,4917
12067,39543,12393,58488,8590
12069,51884,1233,66691,1273
12071,54691,759,77846,1236
12073,51201,978,73745,1755
12075,37634,1760,50782,3061
12077,37363,4408,52360,5136
12079,35509,2374,50429,4125
12081,56036,1101,78296,1495
12083,43361,929,58779,1414
12085,57959,1925,93768,3618
12086,48982,492,75744,682
12087,67023,2323,99583,4869
12089,66297,2668,88805,4205
12091,62048,1837,79157,1829
12093,40367,2024,54057,3598
12095,54335,575,78465,1017
12097,50063,1465,64322,1753
12099,59943,632,94302,1119
12101,50417,868,68215,1029
12103,51454,539,74155,928
12105,48500,709,63849,957
12107,35649,1475,48542,1860
12109,77323,2318,107878,3438
12111,49373,1326,65145,1493
12113,66242,2140,83602,2298
12115,58644,1090,85906,1452
12117,63760,1153,86617,1279
12119,55228,2011,71108,2718
12121,42686,4513,57639,5236
12123,36934,5018,49042,3007
12125,41770,2853,58432,10221
12127,46760,849,64048,1051
12129,62778,2792,69775,3294
12131,53785,2765,81950,4688
12133,37188,3125,50278,3214
13001,39561,4417,53155,3536
13003,34877,2829,51418,6438
13005,36964,5201,50975,5603
13007,37188,11467,49161,6822
13009,39426,2595,53277,3991
13011,45373,3513,54357,2730
13013,57348,2073,68855,1948
13015,55452,2276,69380,2865
13017,32705,2957,43178,3000
13019,37163,3951,46957,2603
13021,39931,1562,61037,1859
13023,45029,5887,52225,4167
13025,37031,4019,49567,3799
13027,34322,5782,55010,6761
13029,71322,6076,86656,5596
13031,41789,1849,57557,2121
13033,42773,2338,56837,3479
13035,41845,2514,62880,6946
13037,31725,4042,43542,6287
13039,56397,2166,73885,5738
13043,32937,5058,48673,5790
13045,49608,2264,65701,2654
13047,55125,1936,69662,2691
13049,40283,4312,54130,4747
13051,54911,1174,76999,1937
13053,46453,5902,66985,14403
13055,36107,1896,48248,3423
13057,79670,1911,97413,2124
13059,36889,1693,57133,2013
13061,25000,4298,37195,4491
13063,45778,1197,57211,1273
13065,25236,7550,40782,5372
13067,75153,936,100977,1073
13069,38266,2489,54061,3356
13071,35472,1945,52112,3389
13073,76938,2271,95348,2533
13075,38408,4274,51421,3352
13077,70717,2225,87232,2669
13079,43257,3965,54839,3958
13081,35096,3062,55440,6584
13083,44471,4469,61723,4869
13085,65805,5350,88066,6650
13087,39148,2377,52656,3387
13089,59280,920,86969,1100
13091,35757,3008,49528,3286
13093,35629,4672,50609,5151
13095,37633,1632,52793,1896
13097,62147,1953,74458,2393
13099,31567,4977,43460,2988
13101,34447,4234,49422,7974
13103,65153,3058,81984,7711
13105,37943,2933,54795,4984
13107,34946,2845,47265,3271
13109,39701,4130,53977,4587
13111,45647,4013,61591,4007
13113,87272,3332,115469,3665
13115,46367,1732,65817,2376
13117,101743,2005,122580,2067
13119,40198,3422,56325,5208
13121,64787,809,106342,1370
13123,49389,4701,63845,4619
13125,41686,3953,53252,6824
13127,50672,2016,76225,4559
13129,44313,2530,60189,3108
13131,42348,4301,59294,4326
13133,49755,3969,86585,7234
13135,67769,1111,87966,1078
13137,49140,2426,60811,2408
13139,59898,1521,80217,1968
13141,31984,3016,49666,6671
13143,46353,3132,62798,4730
13145,74261,5550,93383,6916
13147,41358,3440,56138,3991
13149,48094,3718,55588,3486
13151,68609,1427,81508,1832
13153,58770,2272,74589,2281
13155,32339,7020,46713,5647
13157,62495,1852,77238,3214
13159,43284,5147,53984,3629
13161,36531,4084,48360,4866
13163,34300,3596,47611,3719
13165,27311,4316,39590,5255
13167,39813,3957,50453,3862
13169,53155,4716,67116,3731
13171,41464,5554,55558,4174
13173,39104,7866,48129,6499
13175,37369,1671,53522,2927
13177,65420,5625,80451,4382
13179,45959,1865,55308,1576
13181,41014,6098,59399,6220
13183,55439,3560,62282,5948
13185,41390,1499,61069,3426
13187,47488,3535,63638,5358
13189,39199,6752,53918,4208
13191,47114,3815,61928,5046
13193,31999,2884,42162,3184
13195,51701,3311,64386,3125
13197,44309,7123,55633,6354
13199,36351,3039,49918,3086
13201,42927,5168,53903,5019
13205,37027,4098,50083,5761
13207,54050,2837,86538,11796
13209,40728,3459,62630,12061
13211,62530,3826,80927,5938
13213,45238,3943,56210,3464
13215,45389,1085,63902,1607
13217,53309,2381,68715,2695
13219,88308,3682,114627,6241
13221,44927,2995,57313,3229
13223,66467,3103,79608,2272
13225,42802,3785,58513,4348
13227,64512,4909,78904,4627
13229,44167,4671,58000,5916
13231,58765,4618,75994,6952
13233,43491,2813,62448,7310
13235,38770,3756,53817,5204
13237,51245,4303,71214,6876
13239,30000,10407,42687,6109
13241,40902,2708,65081,7130
13243,30914,3707,48753,13986
13245,40644,1033,56168,1544
13247,57049,1761,72656,2513
13249,41276,3478,53252,5803
13251,37588,2973,53853,3956
13253,34338,2976,59508,14819
13255,42671,2135,57378,2660
13257,43416,4330,57274,4435
13259,25385,6906,43431,5022
13261,36205,2240,51026,2751
13263,36213,3428,48059,4259
13265,31797,4707,48264,9100
13267,38034,2534,56029,3721
13269,33442,4449,45812,4255
13271,30288,3006,42889,4157
13273,38015,4507,50475,3807
13275,40112,2153,63449,3806
13277,42790,2827,57342,2740
13279,36575,3788,61425,12503
13281,43927,4762,56099,4366
13283,37606,8270,57269,10684
13285,43850,2033,58739,1917
13287,38341,6293,49400,4859
13289,33037,3723,47028,5096
13291,44978,5593,62148,4573
13293,36529,3721,50973,3847
13295,43650,2246,59070,2743
13297,58370,2355,74824,2487
13299,39887,4167,52382,3096
13301,34730,3222,50057,7926
13303,38092,3776,51815,2796
13305,44869,3467,58410,3929
13307,35755,4641,49673,7348
13309,27626,4900,36940,3975
13311,46288,3932,63292,4498
13313,46970,2899,64923,2746
13315,36077,5131,49097,4740
13317,35106,4153,55493,9917
13319,37583,3787,52735,4292
13321,46076,4067,59085,4482
15001,59297,1896,78642,2621
15003,82906,756,105071,913
15005,61875,14875,74364,12716
15007,78482,3257,91741,2621
15009,77117,2267,99286,2780
16001,63137,840,84735,1869
16003,45319,4203,58034,4462
16005,49739,1696,65878,3140
16007,54265,4379,63819,3863
16009,46507,4248,57428,4334
16011,51288,1923,62343,2578
16013,51968,5858,78091,5693
16015,53942,8200,69466,4868
16017,48710,2285,64997,4389
16019,56609,1503,77064,2909
16021,43507,6142,63678,8393
16023,42250,10084,60763,8031
16025,38393,9114,71116,18973
16027,49143,1598,60294,1499
16029,59611,5580,71864,4766
16031,50918,1991,63812,3170
16033,35341,14453,49087,6878
16035,42348,3200,55455,3186
16037,39957,7851,53124,6488
16039,46715,2094,58518,3918
16041,56613,3135,68697,4271
16043,53311,4172,64646,5035
16045,43001,2484,52420,3683
16047,48638,6438,60267,4619
16049,39113,3527,50551,2718
16051,60162,2732,72995,4440
16053,49306,2678,61238,3390
16055,54457,1455,73138,2045
16057,45466,2349,62342,2518
16059,37921,4471,49590,3283
16061,41326,1580,55036,3479
16063,48222,2457,57971,3719
16065,36031,3011,52366,3211
16067,50663,3790,64670,6023
16069,54174,3282,66552,2518
16071,51058,12790,57024,5005
16073,40430,3790,59481,6268
16075,50289,3560,66136,4616
16077,49985,8926,61766,7202
16079,39091,3291,53600,6009
16081,68818,8625,82563,9997
16083,50778,1784,64834,2409
16085,55299,6674,78478,14055
16087,37206,3857,51952,4126
17001,51398,1583,69598,2758
17003,34709,3017,45672,4408
17005,58097,5803,70131,4743
17007,66898,4955,85599,4324
17009,58762,2302,67824,4939
17011,55940,2114,69674,1840
17013,54392,6158,66845,5087
17015,51228,3421,62739,2764
17017,51997,2526,65081,3795
17019,51692,1225,72496,1630
17021,52415,2072,62807,2563
17023,54158,3644,70037,4970
17025,48691,3604,60790,4434
17027,65010,3226,80242,4264
17029,44071,3008,63161,4321
17031,62088,368,91216,494
17033,49233,2101,68640,4038
17035,53376,3402,62334,3079
17037,61086,1996,75000,2147
17039,55591,4243,69216,3092
17041,54218,1737,70199,4710
17043,88711,938,117832,1140
17045,51109,4048,62335,4565
17047,49766,2324,63054,3664
17049,56293,3135,74875,4709
17051,44432,2826,59615,3683
17053,51120,2513,64974,2846
17055,41414,1698,54762,2144
17057,50180,2198,62429,2218
17059,42500,3799,57026,4514
17061,46052,2385,58630,3915
17063,74140,2712,87844,2659
17065,56862,4069,67205,5411
17067,51549,2030,63252,2379
17069,43081,6298,63443,12572
17071,52712,3262,65045,6832
17073,57250,2395,69866,1935
17075,51825,2670,64658,2317
17077,37802,2222,58035,3346
17079,54951,3464,63677,3686
17081,47617,2804,64402,2298
17083,56747,3388,71313,3140
17085,57083,2289,73074,4982
17087,50923,3303,65981,6243
17089,76912,1214,101298,1482
17091,57981,1451,71986,1569
17093,91764,3050,104526,3363
17095,43709,1897,58735,1934
17097,86244,1199,123830,1610
17099,56243,1366,70670,1569
17101,45654,3655,58908,2813
17103,57901,2678,72909,2959
17105,56200,3116,70341,2624
17107,57899,2733,72129,2580
17109,43724,3039,59429,3000
17111,84803,1730,103328,1703
17113,65813,1540,86113,1981
17115,50444,1467,68106,1885
17117,53778,2295,67689,2167
17119,57890,1377,74862,1322
17121,46102,1606,58895,1921
17123,55901,3261,68641,3074
17125,45596,2976,61524,3107
17127,42604,3994,56495,3132
17129,69102,5243,82127,4289
17131,58011,2218,68250,3316
17133,81268,5031,101408,5146
17135,50304,2160,62938,2738
17137,48508,2722,63032,2822
17139,59623,4609,70504,3583
17141,59707,1963,75048,2200
17143,54770,1331,74500,1783
17145,48298,4514,61778,5905
17147,69271,3117,82458,4845
17149,42664,2354,57507,2687
17151,40671,11198,52818,5100
17153,33799,3265,47587,4291
17155,65034,4231,79048,6039
17157,52107,2247,67527,3089
17159,48724,3352,62163,3329
17161,52630,1218,67715,1628
17163,53681,1252,73185,1485
17165,41167,2422,56381,2941
17167,60466,1316,80536,1685
17169,46151,4089,58448,4213
17171,53973,4910,67886,6459
17173,51157,1581,59674,2014
17175,52260,4203,70542,6273
17177,48016,1535,62446,2218
17179,62342,1448,80041,2182
17181,49182,2441,62746,3833
17183,45384,1686,59615,1689
17185,51432,4777,63491,4608
17187,49607,3625,66183,4397
17189,59469,3085,75730,5105
17191,49764,2309,60785,2414
17193,47773,3108,58877,3009
17195,53828,2296,69695,2610
17197,83504,820,102746,1046
17199,49053,2034,64486,2530
17201,52743,803,69030,1351
17203,71867,2732,91250,4192
18001,51713,3626,62954,3179
18003,53402,720,71088,1213
18005,59045,2696,75967,2201
18007,46188,4001,57404,3485
18009,42217,2870,57397,5561
18011,80567,3143,116749,5577
18013,61455,4555,81697,7663
18015,56429,3058,70864,3088
18017,47545,2318,59773,2793
18019,54240,1189,70409,2002
18021,53021,2294,62688,2685
18023,52488,2916,64032,2949
18025,43875,4851,51724,4672
18027,51032,2118,63729,2264
18029,65096,2515,78072,2687
18031,54622,1928,66565,2930
18033,53808,2076,67411,3014
18035,42705,1457,58857,2224
18037,58994,3970,72652,3953
18039,55399,1260,69237,1410
18041,43317,2254,55679,3134
18043,61754,1792,80534,2698
18045,49887,2840,64847,4773
18047,58382,2930,72076,4194
18049,49333,3213,61620,4237
18051,52620,2726,68625,2873
18053,42593,1787,54108,1555
18055,49177,2746,59091,1796
18057,94644,2262,125167,3012
18059,73142,2186,83518,3032
18061,57132,3313,69995,2915
18063,78355,1631,93922,2797
18065,48235,1827,60311,3260
18067,50869,1938,64612,1785
18069,52208,1838,62159,1695
18071,49506,3494,62635,2873
18073,59574,2374,69206,2217
18075,44772,3006,57482,4738
18077,51119,2756,64847,4836
18079,49801,3944,59467,2600
18081,68712,2115,85916,2527
18083,46457,2124,60335,2666
18085,58402,1991,73703,2149
18087,60675,2948,74193,3459
18089,54249,720,70401,1047
18091,51101,1370,66992,1988
18093,52092,2964,61922,2713
18095,47436,1274,60450,1435
18097,46692,604,65991,719
18099,54229,1733,67514,2573
18101,51224,3619,61614,4175
18103,47460,2030,58130,2526
18105,47075,1695,67076,1892
18107,53610,2718,64962,2315
18109,62462,1888,75375,2060
18111,53146,3168,61872,3214
18113,55033,2988,66935,3128
18115,61148,4376,67846,4708
18117,45341,3741,56989,3089
18119,48667,3749,58395,2827
18121,48788,4186,62242,5634
18123,51064,2558,62122,2726
18125,52527,2812,63284,2850
18127,68044,1777,84406,2122
18129,62583,3006,74905,3783
18131,48370,3970,58594,3902
18133,56169,2581,67930,3652
18135,45601,1885,56003,2728
18137,56295,2366,69125,3087
18139,50535,2767,62316,4392
18141,50938,1172,69685,1392
18143,47123,3243,57744,3436
18145,59214,3320,70571,2379
18147,56998,3103,73254,8565
18149,48895,2227,59750,4008
18151,56101,2154,69753,2763
18153,46517,3212,60194,4193
18155,47929,4007,59122,5149
18157,51844,1478,68819,1555
18159,55479,2947,72346,4872
18161,48227,3082,58255,4131
18163,46943,1167,66282,2052
18165,48377,2530,58372,3421
18167,43859,1170,59900,1798
18169,50637,1869,60374,2728
18171,61148,5411,72399,5011
18173,70648,2954,91415,3259
18175,47078,3538,60019,3399
18177,44228,1545,62361,2971
18179,56265,3748,68165,2770
18181,55086,2801,68022,2460
18183,61153,2213,74573,3326
19001,51859,2747,67912,4698
19003,49229,4027,63550,4568
19005,51057,4814,64470,3617
19007,41111,2506,61205,6855
19009,50397,3408,61362,3458
19011,65475,2555,81624,4265
19013,52688,1246,70944,1891
19015,61111,2181,74853,2813
19017,68023,3461,82266,3274
19019,61409,4096,79904,6370
19021,54556,2888,71135,4222
19023,55999,2104,70241,3849
19025,50800,2591,65281,3507
19027,57674,3499,71516,3391
19029,48178,3562,60409,3129
19031,65791,2054,76049,3352
19033,52902,1573,69395,3015
19035,54658,3742,71997,5058
19037,55385,3375,69593,3650
19039,51571,2506,64803,4325
19041,47874,4268,61530,3217
19043,52828,3652,64985,2688
19045,50156,2409,65667,1810
19047,53609,2350,75402,13120
19049,84790,2628,110861,2902
19051,58464,7129,71316,4584
19053,42614,2685,54239,3195
19055,61179,3973,76802,7909
19057,49977,1920,65310,3182
19059,58099,5435,80201,4409
19061,61321,1092,77094,2261
19063,48542,5719,71272,11797
19065,50015,1852,65804,3505
19067,48110,3133,64869,3732
19069,53742,2544,67229,4974
19071,54281,3367,68855,3367
19073,54050,4095,65926,3091
19075,66965,2197,84440,4015
19077,57075,2016,68626,2669
19079,56273,2351,67417,3437
19081,61167,2294,68465,3258
19083,53872,2095,66148,3360
19085,60063,2340,70457,2333
19087,52428,2594,67488,3555
19089,52742,3010,67545,5351
19091,52219,3709,68021,5235
19093,55969,4584,75420,6697
19095,58570,5894,78604,6780
19097,54070,3123,68238,3182
19099,55727,3204,69064,2473
19101,43378,3950,63714,7539
19103,61640,1417,85130,2648
19105,56012,2263,72299,3448
19107,51043,2573,66354,4888
19109,54146,2475,66488,2389
19111,48571,2923,61876,2151
19113,64862,1320,82910,1516
19115,53943,4249,67785,4639
19117,50206,3799,69054,7472
19119,64352,2639,75354,3558
19121,64512,4408,82858,7646
19123,52950,1915,65853,3507
19125,58492,2948,71416,3086
19127,54027,1407,66947,2501
19129,69177,3483,85494,4314
19131,55553,2948,69099,4171
19133,45252,3988,62067,4462
19135,49549,7537,62835,6788
19137,47648,4351,63839,8436
19139,57348,3178,71085,3462
19141,53045,2564,68188,4586
19143,58125,3501,67428,3589
19145,49974,3116,62411,3658
19147,52462,3337,67693,3797
19149,64296,3623,78893,3243
19151,49877,3151,61512,2706
19153,66044,1154,86637,1605
19155,57467,2306,73301,1712
19157,53520,3098,73413,3920
19159,52005,3870,71933,7144
19161,54958,2418,69325,3320
19163,58803,1385,78648,1873
19165,55489,5405,72775,3975
19167,67178,2517,79537,3228
19169,54554,1755,71445,1856
19171,55898,2672,67908,2503
19173,48717,2494,64328,4933
19175,47518,2998,61651,3289
19177,47083,3327,66726,7119
19179,45233,2444,59632,3533
19181,74383,2944,87751,2728
19183,61769,2815,74533,3472
19185,45017,3254,61425,6372
19187,44261,2199,59571,2397
19189,51002,2591,62853,2805
19191,62820,2110,75120,3042
19193,55483,1519,70458,2150
19195,54329,3368,68459,3738
19197,50198,3635,63332,3340
20001,42679,2726,54347,3633
20003,46274,6396,57173,4855
20005,48667,3855,63517,5253
20007,50613,5019,66304,6978
20009,50198,2734,65461,3871
20011,40733,1342,57238,4751
20013,48547,3785,62934,3869
20015,63272,2187,77669,2500
20017,46295,5387,60395,6316
20019,38690,2537,55368,5082
20021,41103,3275,52963,2712
20023,46833,4595,59512,5123
20025,50368,6765,62784,5367
20027,56186,4532,77301,9998
20029,44143,1835,58632,5443
20031,58636,3782,74259,3160
20033,56912,4100,68814,7810
20035,48087,1792,60785,2212
20037,40174,1415,55176,2202
20039,44104,4161,57986,6189
20041,48167,3545,62191,3879
20043,49338,3952,62436,4058
20045,55832,2064,75291,2489
20047,49293,3364,60933,3743
20049,38494,2496,50275,3863
20051,52700,4242,71720,6266
20053,48188,4498,59695,4236
20055,56573,3623,69499,3492
20057,53072,2421,69260,3121
20059,55486,2842,67406,3666
20061,49185,2156,58682,2365
20063,48894,3918,61991,4278
20065,40769,3891,54400,4622
20067,55455,9500,70865,7225
20069,64426,2378,78289,4768
20071,51250,8034,56567,5738
20073,42595,2875,61562,4852
20075,45000,8976,56704,5306
20077,49455,4800,62197,4959
20079,56051,2814,68264,2864
20081,53527,5094,73119,7966
20083,53854,6908,65909,5144
20085,55904,3009,69162,3947
20087,61793,2528,72391,2795
20089,42552,5114,56855,8248
20091,84915,913,114336,1625
20093,51314,5111,68402,8769
20095,58483,3993,79157,7320
20097,51336,4714,63940,5913
20099,47668,3485,57795,3018
20101,51719,11522,59335,6537
20103,71184,2277,87727,4186
20105,46196,5221,61721,5642
20107,43699,6469,57835,4020
20109,51597,3191,67441,7274
20111,44191,3806,63361,3981
20113,57765,3206,71144,3014
20115,51262,3013,63379,4024
20117,50234,2722,63512,3765
20119,55568,3521,66672,5284
20121,69150,4161,84525,3987
20123,45221,4006,57415,4524
20125,45173,2772,57590,3274
20127,50352,6012,65778,4795
20129,43925,5114,56687,5021
20131,58644,4415,74258,4581
20133,44294,2996,56884,4259
20135,51033,5672,70248,8478
20137,49891,4999,67861,14647
20139,55036,2577,64666,3345
20141,48355,6994,61565,5400
20143,51971,5974,67208,5112
20145,42853,5011,57460,5129
20147,48272,1690,61283,4616
20149,64657,4688,75739,3919
20151,54029,3674,68513,5148
20153,48125,6393,61632,4402
20155,49174,1352,64137,2075
20157,48022,3895,60774,4627
20159,50764,5615,59946,2918
20161,49910,2479,69145,2683
20163,50511,2741,59370,3326
20165,40598,5471,55375,4204
20167,52806,3252,61007,4672
20169,50515,1520,66194,2501
20171,71394,11173,76674,6323
20173,54974,758,72975,976
20175,47025,3239,60596,3774
20177,55199,1505,72341,1594
20179,56071,9269,71597,5618
20181,52847,5234,55242,4601
20183,43438,4159,61994,4643
20185,48563,2935,63586,4459
20187,46726,5581,56453,7136
20189,56507,7837,67852,7784
20191,54915,3412,64704,2704
20193,57478,4452,68365,5837
20195,56810,6910,67980,6337
20197,60450,3941,69728,4071
20199,58875,13604,71416,8484
20201,48889,3196,63932,5255
20203,57566,10866,71505,8008
20205,46208,3337,62833,4944
20207,34621,4407,45953,3338
20209,44873,939,55958,1038
21001,39346,3589,52038,5101
21003,40893,2985,54747,4592
21005,54160,3933,66456,3765
21007,44350,3284,63324,4794
21009,40216,1507,51371,2320
21011,40837,3808,54937,5502
21013,24628,2786,36718,3380
21015,75043,2354,93086,2732
21017,51462,3221,67854,4240
21019,46165,3160,62885,3367
21021,43274,2476,64196,3245
21023,45827,4482,57309,3985
21025,26376,2403,43243,3593
21027,48189,3056,58434,2996
21029,60534,2127,71527,1810
21031,40061,4957,55810,4105
21033,44940,6440,67929,8699
21035,40219,2017,56113,2687
21037,59782,2488,79669,2468
21039,39664,4204,59971,7271
21041,43258,3524,60809,5942
21043,33067,2513,45726,2676
21045,34457,2527,45474,2934
21047,41235,1849,55019,2900
21049,52938,1861,67817,3279
21051,26250,3399,39093,3156
21053,31115,2774,49008,5532
21055,43169,3446,58097,5497
21057,32906,4710,42275,3697
21059,49836,2043,68599,2492
21061,41360,5129,52374,4487
21063,33377,4651,43443,3960
21065,31337,2576,43614,3773
21067,54918,1106,79535,1551
21069,42213,3319,57177,3853
21071,31267,2458,44930,3883
21073,55068,2123,67316,2456
21075,28559,5037,43485,3691
21077,50204,3849,59104,3357
21079,49888,3277,64161,4394
21081,45610,4430,59312,3618
21083,41615,1819,57201,3576
21085,37906,2615,52103,3008
21087,37374,3571,57586,9329
21089,49343,2313,66593,3308
21091,52019,3685,61646,2744
21093,53168,1849,69340,2529
21095,26324,1943,38158,1661
21097,49696,3830,60393,3730
21099,37795,2962,50353,4220
21101,45389,3458,61596,3874
21103,51447,3174,63636,4669
21105,40463,4654,55778,9680
21107,45738,2211,58611,2272
21109,32143,3874,42860,4183
21111,54357,556,76517,729
21113,56728,3760,82566,4382
21115,37559,2511,54150,5894
21117,61606,1482,80194,1976
21119,29326,3464,43078,2611
21121,28790,2342,42570,3630
21123,41779,3612,53458,4581
21125,39230,2101,52703,2409
21127,31813,4863,46305,4281
21129,23972,3741,38875,6068
21131,30798,4878,39783,4358
21133,29856,2344,43053,3234
21135,31096,3992,48130,5751
21137,39833,2684,50537,3046
21139,46076,6476,64241,10037
21141,43842,3368,56271,4111
21143,50097,5244,64990,6827
21145,44486,2350,71901,5217
21147,23273,3028,34828,4144
21149,50445,2302,60440,3654
21151,48687,2335,63966,2225
21153,29516,3679,43877,5086
21155,38544,2955,54373,3406
21157,50731,3792,65258,3792
21159,35125,4866,41944,2893
21161,41415,5350,63281,5479
21163,57963,3960,73426,4297
21165,39905,4718,46514,3442
21167,50475,3367,63337,3582
21169,35809,6063,47629,3187
21171,34167,4035,54800,6458
21173,41974,3330,55650,3905
21175,34419,2504,46585,3963
21177,43110,2396,54486,2895
21179,57469,3191,79045,11294
21181,41354,6933,58566,7248
21183,42826,2603,62337,10216
21185,97597,2940,124231,3750
21187,45338,4853,61428,6087
21189,25530,9201,44903,7628
21191,52620,6510,59575,3652
21193,31046,2631,47987,3446
21195,34081,1559,50468,2678
21197,36958,3537,50622,5052
21199,37921,2782,53882,2802
21201,38864,17224,54045,7068
21203,36468,3074,49283,2487
21205,37639,3489,53829,4703
21207,36159,2231,45749,2510
21209,66966,2789,82824,2487
21211,64240,3108,84096,4151
21213,48311,3451,60543,4074
21215,77738,6915,90035,5609
21217,39055,2615,53202,4331
21219,41865,4650,61316,10458
21221,52279,6191,63696,4922
21223,47470,7965,62457,6400
21225,42844,3234,56945,3690
21227,52007,1820,71487,2807
21229,50794,4343,62267,4036
21231,34039,2391,45817,3901
21233,40947,2658,55956,3805
21235,36897,3985,52771,4582
21237,22458,5889,34629,4179
21239,62629,3641,78278,3659
22001,41177,3101,60714,2720
22003,41009,2733,58725,4426
22005,76589,3279,90486,2734
22007,44744,6150,66086,6151
22009,38077,3142,56810,3467
22011,50738,3694,67939,4257
22013,30300,2523,47447,3527
22015,53806,2020,69781,2142
22017,40866,1194,63440,2037
22019,49452,1371,68570,1506
22021,32174,5773,53766,7248
22023,55000,13852,73072,8141
22025,38854,7020,56414,4660
22027,27303,2774,43588,4820
22029,31813,5909,50944,4859
22031,44230,3092,62327,3782
22033,52719,1110,78287,1786
22035,21161,2639,47832,17731
22037,48129,4526,61705,4095
22039,32180,2394,48559,2637
22041,35466,2176,50778,3750
22043,40792,2359,51799,3173
22045,45274,2488,61526,2639
22047,47797,5222,65719,3932
22049,38523,4546,53442,3468
22051,52558,831,72937,1242
22053,39653,2929,63058,4137
22055,54726,1425,78128,2220
22057,53089,1955,70013,2346
22059,36868,3549,55924,5174
22061,34154,2582,57991,2689
22063,63159,2432,79423,2723
22065,27810,2807,42095,3110
22067,33333,2531,48851,5498
22069,27795,1572,46330,2852
22071,39576,882,69101,1192
22073,41314,1193,61898,1978
22075,52386,5481,70354,4753
22077,44269,3795,63812,5761
22079,44852,1596,63194,1633
22081,33446,6568,58685,10248
22083,34422,5064,52624,3572
22085,39465,2575,55435,2627
22087,46011,2745,58103,2114
22089,66620,2567,85659,3417
22091,39895,6619,59235,10926
22093,50661,3298,67315,3888
22095,54821,4413,70892,4551
22097,33288,2619,51184,2149
22099,47974,3530,64946,3623
22101,40485,1543,53850,1870
22103,67706,1782,90764,1941
22105,46297,1962,61841,2319
22107,23870,2634,35383,3607
22109,48866,2239,66596,2341
22111,43083,4908,60230,4845
22113,50690,2701,65057,3051
22115,47772,1438,61413,2854
22117,34985,2963,48957,2722
22119,30358,1979,43862,2176
22121,60908,4083,78134,5894
22123,36528,5377,57350,7610
22125,55510,4719,77270,6995
22127,35398,6284,52593,3838
23001,51412,1287,64932,1504
23003,39824,1210,54766,1503
23005,69708,1111,91780,1779
23007,48053,2173,61008,2689
23009,53068,1671,73107,2449
23011,52929,1484,67582,1644
23013,55402,1899,71919,3237
23015,55180,2509,71585,2992
23017,47275,1817,58633,1644
23019,49374,1640,64604,1726
23021,39470,1873,52700,2540
23023,62131,2508,77034,3740
23025,42491,2161,54655,1760
23027,51564,1933,66690,2635
23029,41384,1570,55594,3295
23031,65538,1510,83393,2086
24001,44065,1148,58382,1700
24003,97810,1299,120607,1646
24005,74127,922,98607,1163
24009,104301,3548,122464,3432
24011,54956,2419,73806,3409
24013,93363,1867,111101,2323
24015,72845,2208,87522,2662
24017,95924,2651,109980,2358
24019,52145,4243,71473,3691
24021,91999,1580,111026,1789
24023,49619,1948,65976,2905
24025,85942,1584,104162,1404
24027,117730,2023,144446,2197
24029,56009,3890,82014,5073
24031,106287,926,144723,1373
24033,81969,837,99499,796
24035,92167,4671,111727,4566
24037,90438,3303,105445,2635
24039,42165,3590,56287,3334
24041,67204,5374,106007,7687
24043,59719,1519,78098,2188
24045,56608,1832,72643,2078
24047,61145,2866,81914,3612
24510,48840,715,71259,964
25001,70621,1245,95153,2011
25003,56674,1559,77382,1585
25005,66157,880,85905,1129
25007,71224,12123,107889,9983
25009,75878,1022,105540,1189
25011,59522,1827,78029,3104
25013,53403,860,73364,1222
25015,67044,1955,89156,2135
25017,97012,1021,128969,963
25019,105171,5612,137752,11528
25021,99511,1321,136001,1733
25023,85654,1241,110192,1333
25025,64582,805,97859,1419
25027,71895,745,93980,811
26001,39735,1590,51507,2075
26003,46007,4136,56871,3405
26005,59883,1786,73341,1791
26007,41991,1451,55792,2278
26009,52589,1768,73056,3798
26011,40769,1245,52232,1616
26013,42444,2579,56533,3928
26015,61016,2228,72837,2543
26017,48005,1473,62262,1718
26019,56639,3148,66502,2464
26021,49135,1239,69988,1637
26023,50536,1543,62583,2162
26025,47426,1119,62076,1444
26027,53571,1744,72977,2991
26029,53207,2248,73906,3068
26031,46161,2100,57588,1866
26033,44483,2030,59000,2686
26035,37369,1443,51340,2625
26037,67482,1843,85412,2086
26039,47443,3194,56699,2729
26041,46490,2326,60245,2672
26043,48966,2135,63416,3313
26045,62474,1179,77341,2036
26047,54055,1506,73656,2089
26049,47006,731,63768,1000
26051,43290,1368,55684,1935
26053,38798,3213,54744,4120
26055,61485,1900,81464,3020
26057,44991,1870,58910,2271
26059,48392,1547,61956,2049
26061,42852,2010,58202,2706
26063,46320,1020,60535,1905
26065,50940,799,70454,1191
26067,54343,2112,65383,1681
26069,42102,1302,53596,2151
26071,38918,2509,50742,2985
26073,44408,1929,61803,1786
26075,51431,1295,67112,1890
26077,54431,1118,75995,1553
26079,46004,2417,57184,2443
26081,60351,858,81199,1084
26083,49779,5065,65209,7975
26085,34631,1689,44472,1822
26087,58952,2015,73834,1960
26089,63831,2584,89039,4520
26091,53972,1421,67885,1961
26093,80897,1486,99554,1601
26095,42255,3662,54424,3356
26097,46507,2323,59766,3110
26099,60466,672,77123,739
26101,47172,2038,61594,1974
26103,50771,1421,64213,1722
26105,49663,2106,67720,4359
26107,44460,1813,59432,2443
26109,45508,1955,59166,3736
26111,59271,2398,83483,2650
26113,44766,1878,56446,1773
26115,61514,1239,75368,1526
26117,47000,1473,58731,1737
26119,42305,2634,51349,2887
26121,48329,978,62402,1098
26123,46724,1209,60384,2276
26125,76387,629,104709,770
26127,46217,2117,58946,1993
26129,40150,1526,50896,1558
26131,38906,2108,48234,2603
26133,42689,1546,54390,1742
26135,40255,2033,51133,4069
26137,52645,2766,65210,2944
26139,67468,984,84416,1384
26141,46439,2090,58159,2740
26143,40302,1468,50243,2679
26145,46919,752,63998,1587
26147,55240,1156,71761,1512
26149,50117,1027,63362,1895
26151,45277,1461,58769,1961
26153,40747,2495,53464,2853
26155,54742,1401,67078,1389
26157,47694,1341,60307,1523
26159,52351,1557,68533,2069
26161,69434,1194,97553,1455
26163,45321,376,65173,462
26165,44166,1397,56414,2223
27001,45989,2244,58231,1933
27003,79923,1132,95333,1385
27005,59278,1882,73240,2636
27007,47410,2260,63860,2983
27009,56357,2775,69687,2202
27011,51920,3291,67841,3809
27013,55861,1830,72902,1943
27015,57728,3041,71471,3480
27017,60390,2897,73094,2486
27019,97895,2694,126462,2828
27021,50173,1503,65925,1828
27023,54552,5908,70112,4528
27025,80409,2335,90821,2379
27027,65000,2804,77035,2236
27029,46291,1989,63192,3124
27031,52271,3328,67969,5334
27033,53354,2701,64063,3088
27035,54508,1489,72640,2350
27037,83288,1023,104036,1225
27039,71669,2966,85669,3105
27041,60676,3012,79619,4336
27043,52286,2106,66434,3553
27045,59451,1637,71813,1467
27047,52447,1975,66076,2536
27049,64765,2211,79784,2215
27051,55912,2921,72452,4793
27053,74113,672,105791,951
27055,58729,2516,72056,2808
27057,55472,1844,69597,2146
27059,72473,2763,83575,3126
27061,53022,1487,66341,2378
27063,57010,3075,76507,9274
27065,53300,1935,66248,2327
27067,59089,2058,74827,1959
27069,57112,3671,68959,3728
27071,47129,4407,63498,5395
27073,52199,1651,69725,3771
27075,59516,5237,71210,3992
27077,49068,2315,59126,4537
27079,67451,2240,81478,2287
27081,52301,1892,64657,2761
27083,55525,1986,75523,5963
27085,61275,2251,76081,3426
27087,44537,2879,57930,2560
27089,58723,2285,70095,2103
27091,53915,4255,70643,3269
27093,61856,1904,78475,3442
27095,53888,2167,66229,2523
27097,54962,1736,69782,3079
27099,53665,3302,72049,2443
27101,57500,3537,71722,2407
27103,65027,3205,80859,3853
27105,54149,3111,67408,2859
27107,55206,2234,65898,2427
27109,74880,1753,98903,1836
27111,57131,1540,72053,1608
27113,59036,5827,71514,3397
27115,49138,1671,63277,2309
27117,52309,5071,68284,4703
27119,57151,2019,70094,2137
27121,58132,2889,73627,3044
27123,62304,705,85481,1130
27125,56588,4027,69934,3834
27127,53230,2747,67043,2488
27129,57886,2870,73673,2154
27131,65758,2206,81547,2039
27133,59890,3719,74349,4815
27135,59644,2194,70246,2913
27137,53344,811,69669,1032
27139,97744,2857,115191,2250
27141,85818,2247,97264,2778
27143,62761,1604,75700,2346
27145,60606,1171,76763,1433
27147,62731,2041,76092,2558
27149,58363,3753,82726,7376
27151,48577,2703,66431,3324
27153,52872,1868,64015,1767
27155,48784,4426,65261,4345
27157,65138,1885,80557,3052
27159,45860,2968,59811,3697
27161,55612,2580,69330,2794
27163,92376,1760,117077,2177
27165,51097,3336,66407,3462
27167,54935,3799,71968,8388
27169,55529,2364,71118,2350
27171,81881,2235,95286,2291
27173,56943,3234,69706,3110
28001,29203,2047,46533,2913
28003,40180,2264,52866,3228
28005,31854,3864,47982,4775
28007,34756,2222,53875,4975
28009,35974,5242,49735,6252
28011,29912,1918,45259,3189
28013,36440,1772,46008,2278
28015,43060,5802,57919,6682
28017,35939,3065,49593,3743
28019,37203,3528,49162,3159
28021,26732,4594,37060,4203
28023,39246,2859,54759,3775
28025,35121,4821,52076,4838
28027,30009,3835,45686,3634
28029,40361,3064,52386,3328
28031,35931,6174,48334,3733
28033,65169,1617,80337,2291
28035,40675,2552,55876,3078
28037,40810,6584,56576,5591
28039,48319,5187,61420,5040
28041,49447,5857,57615,5522
28043,36877,3654,54163,4301
28045,47543,4617,62769,3956
28047,45566,1360,60470,1567
28049,43005,1236,60097,1421
28051,21093,1362,36109,3674
28053,28507,2368,43307,3979
28055,25776,8356,52088,22390
28057,40510,4313,53717,3032
28059,51142,1836,64894,1814
28061,35931,4566,53343,4473
28063,20188,3089,34501,5932
28065,30083,5768,42975,5015
28067,41263,3241,59064,3187
28069,28176,4952,39622,4215
28071,47132,4004,69037,4075
28073,58188,3250,75945,4211
28075,41704,2220,59086,2916
28077,42290,5007,54173,3771
28079,33482,4567,47833,3498
28081,47978,1722,65246,2626
28083,26052,2080,44123,4444
28085,40355,3626,56735,3510
28087,45355,3489,61053,2576
28089,71690,2395,100819,3752
28091,31446,1825,47210,2750
28093,41572,3790,55973,3845
28095,40940,4281,56148,3316
28097,33667,5391,50971,6619
28099,36875,2295,52500,2721
28101,33831,3057,55737,7363
28103,36000,4776,45589,3956
28105,38800,3306,58865,2796
28107,36563,2215,52156,3590
28109,45820,4345,59810,2668
28111,39007,8024,55077,7006
28113,30910,1794,45150,2861
28115,41379,2411,56336,3966
28117,37519,3908,50999,4287
28119,25510,2768,36797,3093
28121,64557,1536,79509,1903
28123,33735,3749,56890,5578
28125,28799,4575,43551,5373
28127,37946,2940,53203,3554
28129,41657,2874,59336,5795
28131,44883,6737,60077,7081
28133,30029,2823,47217,2999
28135,30028,2097,47688,5873
28137,51056,4878,64847,3987
28139,39839,3396,52623,4071
28141,37312,2843,49450,3820
28143,37822,6969,50655,9972
28145,41287,2751,52505,2569
28147,29804,3733,48456,7453
28149,43039,2656,58170,2651
28151,30834,1278,49433,3207
28153,37970,7084,58240,5371
28155,40683,7710,52955,5141
28157,26599,2999,36932,3756
28159,36214,3190,59031,7689
28161,41864,3375,49546,3427
28163,31402,2367,51917,6256
29001,40046,2435,55584,4597
29003,55683,5167,70526,3418
29005,48385,3253,60781,3191
29007,43761,1422,57969,4487
29009,41463,1911,56640,3765
29011,41625,2397,62378,5262
29013,46186,3012,65596,7480
29015,38028,2852,54881,7214
29017,42985,4144,53616,3470
29019,54043,1666,73099,2130
29021,50457,1896,63587,1805
29023,39058,2674,53525,3101
29025,48033,3324,58141,3717
29027,55376,2645,65892,2580
29029,52087,2729,70165,3471
29031,51730,1820,68290,2918
29033,42149,5196,59785,4912
29035,39415,6750,55662,6048
29037,67659,1608,82359,1893
29039,39412,2797,53359,5531
29041,46992,2012,61690,4444
29043,57019,2028,70886,2233
29045,47955,3200,64851,6364
29047,68367,1427,85359,1691
29049,58510,3346,69879,3033
29051,57587,1779,74151,3009
29053,48750,2679,60261,2042
29055,38036,4451,51626,3308
29057,39979,3243,51684,3491
29059,41551,2991,57995,7954
29061,50380,2063,62162,3544
29063,50000,6177,62170,4118
29065,39916,3202,54520,5417
29067,34372,3024,48315,4270
29069,34186,1772,48090,3182
29071,55312,1801,72171,2177
29073,53439,2848,65289,4126
29075,42689,5068,52885,2784
29077,44808,1008,61753,1318
29079,42574,3291,56412,4550
29081,40168,3374,49067,2291
29083,43911,3276,59053,3318
29085,36190,1900,44594,2813
29087,45610,3649,56027,2913
29089,50372,4014,63071,3729
29091,36143,1580,51022,2515
29093,37188,2632,49709,2841
29095,52805,616,71871,892
29097,46929,1601,61434,1932
29099,63030,1317,75099,1446
29101,53056,2319,63172,2346
29103,40383,3536,53762,7597
29105,46192,3544,55565,3220
29107,54661,2714,69330,4100
29109,43373,1729,57088,2911
29111,47764,3634,57820,3310
29113,61628,3653,70775,2581
29115,43642,2985,57034,3838
29117,47885,2903,58725,2823
29119,42019,3057,54650,2804
29121,40007,2031,51057,2194
29123,41322,3013,53417,4013
29125,44436,3132,57199,4788
29127,46762,3278,58547,2566
29129,44085,4042,55143,4800
29131,42718,2196,58260,4031
29133,32846,3218,49232,4193
29135,54828,3620,64887,3391
29137,43973,2381,57073,4372
29139,45862,3414,54624,2386
29141,37727,3410,52625,5080
29143,35399,2113,48920,2606
29145,49023,1902,68991,3736
29147,43349,2081,58048,3652
29149,32534,3569,42088,3289
29151,58476,3484,67004,3313
29153,32601,1926,42496,3158
29155,33390,2649,48662,3560
29157,54964,2770,61917,2478
29159,44382,2231,58341,2374
29161,42846,2355,60887,3095
29163,45753,3044,60968,4438
29165,76912,2320,98826,3248
29167,44892,2666,59516,3113
29169,51665,4064,61011,3092
29171,37367,6347,52275,5688
29173,55546,5333,66133,5707
29175,46610,3310,58047,2430
29177,59857,5069,70010,3843
29179,40929,6136,52990,4292
29181,33343,4516,43514,3008
29183,81411,1457,98457,1484
29185,38470,2312,51632,3118
29186,56234,5750,70739,4576
29187,45774,2067,58508,2228
29189,65300,787,96848,1108
29195,43201,2304,57578,3432
29197,39697,2475,51454,4269
29199,42965,5011,62828,8735
29201,42231,2077,57116,3366
29203,32180,2916,43558,3753
29205,44051,3425,56408,3287
29207,40567,1966,53425,2562
29209,46443,2625,65929,4118
29211,42604,5532,54781,5011
29213,41487,1481,53162,2264
29215,35277,3115,49621,3631
29217,43379,2303,60319,7738
29219,57948,4507,73852,4630
29221,39621,2188,50553,3402
29223,34391,2705,44448,3699
29225,47421,2595,59684,2850
29227,52500,5108,56750,3325
29229,32752,2669,48630,3963
29510,41107,807,60564,1177
30001,44809,5543,66504,6578
30003,46365,4462,60332,4355
30005,38083,3813,48891,3069
30007,56469,4343,77104,8868
30009,57538,4662,70864,3663
30011,44196,9960,69401,9747
30013,48160,1419,67396,2996
30015,40942,2501,55396,4716
30017,55841,5272,70749,3639
30019,54750,2497,72453,11051
30021,59820,3990,75479,6588
30023,41783,2642,56037,4164
30025,60750,12795,76008,8124
30027,50327,3721,65238,6259
30029,52966,2038,72682,2993
30031,61499,1915,84251,2346
30033,45893,9365,66344,9252
30035,31029,2522,48457,3817
30037,39952,9452,56642,12184
30039,48958,8721,67821,9212
30041,47141,3162,59143,2798
30043,66867,4719,81384,3636
30045,45764,6410,60780,5145
30047,45488,2368,61802,2860
30049,62130,1850,76249,2677
30051,47419,7345,84026,21878
30053,38287,2737,54708,4458
30055,47500,4323,62298,5923
30057,50247,4421,67820,5243
30059,43109,5315,56661,6091
30061,41905,4793,52906,7251
30063,51270,1971,71308,2862
30065,41612,4567,51731,4286
30067,49194,6143,67991,4662
30069,44688,17143,66974,11764
30071,46222,5649,54914,5133
30073,45458,4410,64678,5524
30075,52457,7120,63153,6500
30077,49652,6510,65303,5998
30079,47250,6386,66856,9110
30081,48930,4054,65009,4009
30083,67272,4177,79962,5314
30085,42904,3499,59137,3320
30087,56549,4631,66388,4866
30089,36984,3195,53414,4884
30091,54321,5151,73400,7881
30093,42237,2458,58093,2652
30095,63785,4012,78211,4908
30097,49514,5331,67923,5583
30099,51862,4299,66683,3755
30101,46823,8928,64101,10318
30103,42292,5528,55830,6987
30105,55882,6181,65147,4491
30107,41186,3688,52922,5737
30109,50202,7744,56109,6232
30111,59117,1893,79021,2617
31001,51536,2722,69692,3899
31003,48716,2850,61882,3586
31005,43854,2911,59829,13308
31007,59625,7001,86136,13371
31009,50870,3026,61209,9405
31011,54063,2177,72720,5231
31013,56412,6678,67128,4216
31015,50729,6317,63804,6579
31017,41550,4967,60443,9936
31019,56952,3272,74978,3444
31021,51482,3226,65349,4182
31023,55562,5206,66899,3669
31025,71139,2310,85237,2913
31027,58978,3072,72281,4041
31029,55833,4003,65419,5088
31031,53684,7110,62766,5830
31033,56538,3636,71372,4083
31035,56316,3683,66150,3555
31037,56528,6487,63171,4068
31039,55190,5233,69244,4537
31041,49891,3617,74937,11007
31043,55017,2454,69285,5509
31045,51748,5263,60820,5027
31047,53769,3035,68096,3846
31049,48500,6886,61812,6270
31051,56775,4308,67106,4168
31053,53101,1756,66065,3069
31055,61688,773,84908,986
31057,44350,6028,59689,5907
31059,55625,5034,71692,4692
31061,49235,2942,61284,3866
31063,51855,3574,65738,7225
31065,47989,2055,60805,3518
31067,51662,3264,64384,2593
31069,44471,8656,69655,14641
31071,48545,3225,59320,6257
31073,62545,3065,80845,8018
31075,39479,11997,55726,5575
31077,47128,2806,60121,3573
31079,54742,1656,71073,3108
31081,64042,3775,79739,3769
31083,50344,4093,62681,4652
31085,45515,6828,61265,9433
31087,42902,4193,60131,9549
31089,57468,4199,69863,4212
31091,39115,5706,54664,9300
31093,54399,3931,63117,3355
31095,43295,3680,56897,4140
31097,52794,5338,65486,4590
31099,56952,5395,73274,5703
31101,48901,2605,60511,3397
31103,49688,8103,72793,9389
31105,43856,4478,54890,4728
31107,49752,2073,63301,2765
31109,58009,1076,76506,1187
31111,56794,3095,70858,3260
31113,51607,16254,63671,5229
31115,53125,11932,61984,7184
31117,48882,7216,59496,9171
31119,52857,2181,67302,2920
31121,54197,3897,68787,5681
31123,45121,2922,62343,6187
31125,45833,5080,67170,10117
31127,51922,5743,67073,4608
31129,42049,3542,59882,6780
31131,54828,4232,70443,4028
31133,46314,7123,61208,6612
31135,62469,3557,79208,9308
31137,57241,4344,70879,4510
31139,56620,3576,67962,3427
31141,62617,3413,75236,3133
31143,61962,3107,74683,5240
31145,46859,4731,60736,4323
31147,48096,2998,61223,3738
31149,52604,8336,73915,8732
31151,51143,3212,61216,3463
31153,79549,1419,94557,1560
31155,66718,3394,80020,4033
31157,50157,2056,67975,3388
31159,67591,3082,79392,3028
31161,41719,3067,61900,6325
31163,51172,3803,61276,5317
31165,46875,6794,59915,5504
31167,62687,4761,76404,10192
31169,50734,3321,64264,2760
31171,50682,7527,64385,7538
31173,48149,2837,65158,4098
31175,55170,5388,67776,6387
31177,70753,3504,85616,4223
31179,62623,8752,69233,4987
31181,42298,4958,61833,5562
31183,52083,5162,59446,6016
31185,59779,3810,75478,6668
32001,51514,4276,65350,3538
32003,56802,452,76812,666
32005,62503,1960,83601,3891
32007,77209,3819,89392,3372
32009,40000,7903,50024,5281
32011,77625,23084,82132,13567
32013,70373,7457,78982,3198
32015,93583,12326,88779,9960
32017,56414,5769,60586,6805
32019,55493,3149,67315,2864
32021,41163,9057,49919,5593
32023,45711,3237,56101,2669
32027,50846,4691,60343,6242
32029,62284,5795,84090,10824
32031,61155,908,83026,1231
32033,62993,4159,71426,5452
32510,52034,2130,70878,2751
33001,68368,3130,85080,2709
33003,61116,2483,80066,3501
33005,63057,2005,83055,3673
33007,45696,1727,61490,1846
33009,63153,2580,89343,2831
33011,78655,1474,99653,1412
33013,72478,1697,91422,1715
33015,90429,1616,113485,1720
33017,70650,2218,87839,2357
33019,60780,3145,74376,2916
34001,59989,1631,81474,1422
34003,95837,998,130990,1429
34005,84992,1319,109492,1495
34007,67118,1282,89592,1197
34009,63690,1641,89857,3213
34011,52593,1718,68178,1756
34013,59302,1069,99512,1167
34015,85160,1401,102325,1705
34017,66289,1155,97596,1127
34019,112535,2409,144382,3373
34021,79990,1403,115599,2310
34023,85954,1082,108458,1011
34025,95699,1134,128657,1735
34027,111316,1509,150364,1950
34029,68021,975,90114,1200
34031,66476,1349,89683,1244
34033,64309,2830,83122,4017
34035,111772,1996,149988,2320
34037,90520,2106,111583,2542
34039,77095,1577,113166,1658
34041,78145,1882,97105,2098
35001,51643,692,71513,910
35003,42480,6192,48079,6680
35005,43197,1797,58018,2652
35006,37368,3303,49792,3150
35007,33783,4196,47612,3199
35009,46182,2612,60449,3838
35011,31028,6138,47281,8152
35013,39164,1431,57536,1785
35015,62982,3186,76170,3014
35017,37880,4254,56094,4678
35019,24085,4362,40306,5707
35021,30875,4943,68108,20538
35023,36339,12114,48999,7226
35025,59797,2304,73825,2973
35027,42267,6929,62219,6255
35028,115248,7220,133593,7468
35029,27377,1797,40988,3164
35031,31674,1548,48620,2271
35033,26968,5927,43061,7858
35035,42752,2422,56412,3243
35037,27075,1630,42970,3905
35039,(X),(X),(X),(X)
35041,40775,5000,52727,3647
35043,59420,1750,74509,1787
35045,50582,1564,65337,1795
35047,31660,1787,46029,3775
35049,59192,1499,85113,1833
35051,30451,2520,51396,8805
35053,36146,4461,50030,4306
35055,36758,2641,53538,3264
35057,37218,4750,50556,3961
35059,37936,4381,60156,12195
35061,45084,2429,57714,2747
36001,64535,1279,86827,1410
36003,47033,1420,58195,1520
36005,38085,525,56328,738
36007,50859,1227,67135,1297
36009,47240,1386,59656,1464
36011,56579,1673,71215,1737
36013,45332,1182,59330,1358
36015,53299,1328,68938,2472
36017,50595,1427,63006,1776
36019,55178,2165,68108,2245
36021,63032,2254,84495,3046
36023,54489,1872,71421,3333
36025,48827,1720,61473,2125
36027,78028,1324,100352,1656
36029,55673,604,75293,761
36031,56196,2091,72078,2608
36033,51696,2339,65355,2161
36035,50248,1597,63186,2454
36037,59338,2493,71189,2021
36039,53617,2813,68228,2352
36041,57552,2633,66547,4375
36043,51862,2041,63842,1734
36045,52268,1528,65268,1478
36047,56015,536,85910,749
36049,52380,1891,66189,2303
36051,56071,1875,69001,1871
36053,60228,1612,74989,2183
36055,57479,734,77604,854
36057,45837,2770,62158,2791
36059,111240,1180,146552,1201
36061,82459,951,152002,2246
36063,54085,1268,69983,1235
36065,53844,871,70759,1572
36067,59225,834,79427,1212
36069,63359,1753,84783,2761
36071,76716,1429,96483,1335
36073,51843,2175,64365,2201
36075,53597,1386,68539,1929
36077,53121,1287,68791,2053
36079,102186,2501,127975,4289
36081,64987,663,85330,670
36083,65851,1775,82570,1764
36085,79267,1450,98841,1668
36087,91108,2046,119472,2199
36089,49305,1513,63127,1376
36091,80839,1798,100650,2100
36093,63785,1727,80867,1696
36095,53989,2361,68583,2647
36097,51479,3128,63289,2896
36099,54695,2055,69516,3285
36101,51789,1417,68301,1868
36103,96675,887,123111,1129
36105,56256,2896,74996,2705
36107,60736,1624,76161,2837
36109,58743,1600,80256,2372
36111,63348,1313,84423,2038
36113,59813,2104,77328,2643
36115,54114,2455,67967,1910
36117,55765,1620,70895,1921
36119,92758,1422,148770,1526
36121,57914,1921,68774,2892
36123,54343,3383,72404,3742
37001,45735,1314,64199,1796
37003,44961,2585,63086,3972
37005,37558,3137,48505,3208
37007,39126,3577,50787,2951
37009,40978,2399,54238,3673
37011,38134,3206,54926,4121
37013,43688,3421,61571,3408
37015,33143,2320,48897,4214
37017,32378,2131,48827,4139
37019,54406,1519,70419,1778
37021,50668,931,71864,1830
37023,42516,2114,58290,2635
37025,64174,1421,83654,1961
37027,42072,1519,55920,2213
37029,63349,7120,72227,6112
37031,54428,1755,72578,2103
37033,43961,2480,56304,3544
37035,51157,1315,67972,1675
37037,63531,2312,93278,4151
37039,40294,2205,51202,2400
37041,42621,4428,54988,4144
37043,38801,3790,56872,6868
37045,40393,1428,54469,2445
37047,36398,1624,54620,3760
37049,50870,1421,67598,2219
37051,45716,849,60149,1045
37053,66284,5849,77409,3732
37055,58012,2668,77380,3899
37057,47271,1366,62095,1316
37059,57611,2774,76109,4534
37061,38850,1991,50651,2218
37063,58190,1715,82588,1828
37065,35516,2473,49240,2821
37067,50128,1062,73787,1562
37069,53175,2666,67031,2505
37071,49384,1207,66440,1562
37073,52205,3839,64725,4657
37075,36525,4626,45558,4360
37077,55628,2587,69571,2354
37079,38306,2926,50949,3307
37081,51072,751,73833,1135
37083,34251,1435,50483,2872
37085,51630,1150,63154,1425
37087,49800,2357,66018,2700
37089,52815,1580,68798,1858
37091,37005,3646,47713,2131
37093,47535,2214,58489,2044
37095,45466,10722,53393,6670
37097,58198,1577,82420,2305
37099,44028,2589,58048,2998
37101,56842,1774,70875,1782
37103,36892,7327,49842,4405
37105,48873,2218,63657,2400
37107,38387,2001,53773,3279
37109,53318,1752,73030,2256
37111,40913,1929,55686,3424
37113,43597,1595,62962,3233
37115,42410,2842,61590,4356
37117,39205,3161,55387,4629
37119,64312,601,93951,954
37121,44186,2448,53708,4353
37123,42346,3473,58723,4560
37125,57899,2155,79036,3129
37127,48362,1981,67278,2495
37129,52716,1333,75539,1815
37131,35499,1596,47627,2831
37133,49491,1299,61073,1531
37135,68211,3011,107834,4818
37137,44947,3393,62842,4484
37139,48279,1414,60884,2846
37141,52989,2271,71630,2885
37143,45915,2565,58960,4307
37145,48811,2286,62283,2975
37147,44315,1147,63834,1773
37149,48834,3403,67301,3693
37151,45006,1400,60323,2746
37153,36091,2225,49511,2374
37155,33679,951,47980,1393
37157,42490,1658,56237,2217
37159,48667,1598,64271,1733
37161,40347,2043,54078,1961
37163,39068,1998,56453,2985
37165,35617,2203,46614,1870
37167,49590,1817,61826,1973
37169,46169,2190,58238,3429
37171,41068,1401,58469,2648
37173,36773,2227,52160,4922
37175,46629,3483,62567,3651
37177,35472,9108,44396,4557
37179,75397,1287,101809,2274
37181,37282,2841,57376,7244
37183,76956,845,102190,1010
37185,35962,2370,52946,4146
37187,35512,3540,44474,4535
37189,45268,2359,63511,2764
37191,42192,1443,60081,2442
37193,40829,2647,56273,3306
37195,42850,1379,59749,2300
37197,42876,2069,55951,2530
37199,39888,3177,53656,3738
38001,54875,5713,74444,6913
38003,57064,5355,73505,5007
38005,44313,1973,63561,4659
38007,92604,36319,112623,20060
38009,59882,4430,79085,6136
38011,65063,4431,82581,7708
38013,74931,4976,89066,6418
38015,69719,2310,88854,2495
38017,62031,2342,86006,2893
38019,67591,5102,97135,12073
38021,60918,5496,77867,6313
38023,60074,11328,95485,13616
38025,70500,12067,114391,13507
38027,51563,9324,75396,8811
38029,51029,4763,64616,5508
38031,60613,5052,75283,5096
38033,56087,7093,71569,9768
38035,51951,1837,72138,2959
38037,50962,5972,78988,11550
38039,52794,4901,72586,8375
38041,56761,5735,76949,8924
38043,57734,7633,75724,9608
38045,59426,6556,82435,6961
38047,58144,5397,73805,6043
38049,62637,4321,86494,12049
38051,50739,5013,66737,6249
38053,80732,5175,109348,8338
38055,65648,3173,79244,3773
38057,79890,6265,89005,6956
38059,67584,4161,91454,7230
38061,70678,3909,99351,9825
38063,48798,7261,66366,5456
38065,68333,15106,82283,8081
38067,64962,3462,81767,6305
38069,48802,10837,59546,6928
38071,57313,4762,79592,9592
38073,61810,3963,79585,7237
38075,68182,4577,81070,6424
38077,61990,3937,74002,3393
38079,39884,2915,57370,4691
38081,67200,6337,80177,4581
38083,49261,5345,67445,7564
38085,40862,3441,59701,7742
38087,63942,6702,78977,8418
38089,75708,4591,94409,4872
38091,65848,4743,87137,10234
38093,57642,2929,73021,3730
38095,53696,5581,76594,10197
38097,62870,2736,78503,6588
38099,54414,2192,70586,3161
38101,67753,2240,83966,2842
38103,57989,4204,74361,7248
38105,86575,8091,112047,8825
39001,36894,3386,54039,3432
39003,50552,1657,63678,1782
39005,52730,2111,65423,2034
39007,44823,1563,56659,1543
39009,37778,3027,55499,2370
39011,61758,1899,73661,2409
39013,49361,2020,64360,2148
39015,52356,2501,64277,2657
39017,63358,875,82165,1103
39019,52394,3269,69389,4217
39021,57103,2180,66614,2515
39023,48502,1315,62459,1258
39025,64822,1437,84721,1790
39027,51354,2321,67669,3789
39029,46306,1282,62650,1933
39031,44491,1998,55832,1762
39033,42892,1604,57201,3434
39035,48435,473,72314,665
39037,52691,1888,64767,1887
39039,57665,1949,70762,2712
39041,104322,2210,132269,2333
39043,52270,2065,73203,3179
39045,66175,1686,83077,1920
39047,46478,2496,60637,2606
39049,58762,635,79779,680
39051,60231,1714,72847,2805
39053,42113,2765,56184,3399
39055,79956,2923,112174,4412
39057,67109,1554,86238,1844
39059,43975,2042,56201,2539
39061,54976,676,79912,894
39063,55644,1981,73054,2541
39065,48773,1658,59239,2000
39067,48462,2748,58877,3336
39069,59083,2965,69797,3154
39071,43297,2828,57055,2565
39073,50000,2367,60814,2608
39075,62111,2631,78695,3514
39077,51559,1719,64177,2207
39079,45340,2441,54788,2945
39081,44819,1519,60973,2365
39083,55131,1985,65884,2073
39085,63475,887,79897,1392
39087,44372,2367,57900,3206
39089,62715,2014,79189,2131
39091,55150,1796,67609,2608
39093,56965,1012,74676,1310
39095,46924,913,66796,955
39097,65264,1891,80542,3078
39099,44682,915,63081,1461
39101,45464,2223,58962,2301
39103,74243,1675,91580,1838
39105,43591,3395,59124,4578
39107,59417,2186,72966,2632
39109,57544,1874,73024,2035
39111,43956,2265,58689,4493
39113,49314,676,67202,890
39115,41731,3455,52884,4415
39117,56010,3135,72387,4562
39119,45276,1771,58769,2709
39121,47456,7439,64047,8765
39123,57918,2484,75676,2714
39125,51933,2614,63069,4015
39127,48811,2401,58606,2346
39129,62214,2959,73860,2910
39131,43729,3022,58477,3533
39133,56618,1432,74270,1571
39135,55374,1904,67935,2544
39137,62001,1942,77229,2878
39139,47346,1723,60888,1738
39141,48403,1554,62771,2526
39143,51701,1582,63667,1899
39145,39731,1594,57055,2488
39147,49936,2160,63846,2896
39149,61042,2368,74898,2810
39151,52190,705,68211,966
39153,55448,840,75811,943
39155,45975,1002,60660,1436
39157,51170,1952,63767,1797
39159,82775,2951,97740,3040
39161,52754,1607,65454,3066
39163,42114,3941,51897,3200
39165,83330,1930,108426,2589
39167,48572,2183,65269,2953
39169,56348,1184,70494,2003
39171,49491,1657,60390,2479
39173,59789,1513,78832,1986
39175,52940,3242,65469,3211
40001,32986,2093,45683,2408
40003,59569,3294,82421,11474
40005,38821,2108,56713,3451
40007,51996,2752,64538,3940
40009,48725,5363,67293,6372
40011,50391,6924,66723,4420
40013,43245,2238,60665,2946
40015,44588,2074,59020,2361
40017,71157,1481,86373,2324
40019,49216,1550,64290,2798
40021,40936,1729,53780,2054
40023,32129,1972,49994,3627
40025,46071,7925,61334,9641
40027,62863,1106,78785,1608
40029,40000,3892,60882,7548
40031,52227,1511,68578,2442
40033,51623,4220,58844,3477
40035,41701,2010,52942,2170
40037,49578,1759,64635,1859
40039,48884,2251,67251,4424
40041,39742,1445,55797,2158
40043,50037,5573,73629,9279
40045,52705,3259,64967,6108
40047,51332,2166,66329,2493
40049,45066,1758,58674,2040
40051,58177,2037,75021,2220
40053,56287,5602,69667,4360
40055,38322,2501,49411,4352
40057,41607,5454,57353,5615
40059,50114,8214,64657,7545
40061,39375,2766,53643,2546
40063,39265,1928,58474,4576
40065,45757,2590,58868,2516
40067,37319,1687,47750,2494
40069,40077,4060,51905,3363
40071,45426,1758,60837,2098
40073,60656,8548,84818,8227
40075,38209,4061,49673,2809
40077,42363,2856,59018,4635
40079,39769,1250,53854,2066
40081,49362,1963,63442,2371
40083,62035,4210,80690,3971
40085,52007,5419,60758,2698
40087,64492,2463,79843,3265
40089,35829,1373,49229,1813
40091,37086,1988,52259,2682
40093,54118,2605,72207,4509
40095,45828,2396,60318,3726
40097,48853,2237,60681,2325
40099,51490,2683,65491,5569
40101,42689,1814,58281,2090
40103,53253,4133,69063,4453
40105,41895,2287,53354,2258
40107,38527,2414,49146,2278
40109,52855,570,76925,800
40111,42175,2306,56566,2953
40113,47789,1927,61533,1940
40115,39070,1109,51619,1356
40117,47413,2347,60959,2620
40119,40944,1977,60834,2327
40121,45346,2004,61038,2582
40123,49235,1957,63474,2381
40125,47683,1214,61259,1668
40127,37457,2145,56948,4172
40129,47667,8528,68594,4897
40131,62949,1469,80806,1859
40133,38706,1457,52415,2074
40135,38328,1622,51075,1781
40137,46166,1704,62827,1897
40139,50450,4014,60584,3083
40141,40462,2611,55563,4742
40143,53902,541,77047,895
40145,61566,1348,74822,1433
40147,52103,2180,74036,3147
40149,52510,3096,65890,4534
40151,56899,6071,69036,5294
40153,58706,3782,75856,7512
41001,43921,2509,58983,3098
41003,58655,1968,80539,2917
41005,76597,1050,101612,1459
41007,52583,2663,67456,2618
41009,59714,3078,74439,3425
41011,43308,1940,60411,2819
41013,44524,3873,59804,4420
41015,46396,3602,59438,4323
41017,63680,2405,83262,2563
41019,45812,1303,60606,1997
41021,42976,4505,56349,5567
41023,45357,5774,56653,4126
41025,41797,4574,59842,5214
41027,62935,4086,85164,7863
41029,50851,984,68838,1870
41031,50339,3686,61780,3392
41033,43046,1996,58808,2888
41035,43522,2272,57453,1898
41037,36627,4928,50617,3892
41039,49958,934,67099,1241
41041,46061,1891,60104,2311
41043,52097,1597,66040,2208
41045,42478,3046,55466,2134
41047,56097,1191,72055,1523
41049,55440,4735,65186,4201
41051,64337,779,88399,1140
41053,58344,2074,73255,2750
41055,48056,5142,72537,11438
41057,47500,4634,63543,4087
41059,51887,1508,65208,2726
41061,48617,3393,67363,4220
41063,44953,5028,62804,4263
41065,50973,2064,64819,3228
41067,78010,1086,98976,1211
41069,33456,5113,46913,5277
41071,59484,2068,80268,2766
42001,64507,1226,77987,1278
42003,58383,611,82749,681
42005,49032,2051,62066,1443
42007,55828,1201,69994,1327
42009,49146,1524,60628,1826
42011,61522,826,79191,1011
42013,47969,1449,62590,1701
42015,51457,1337,66337,2127
42017,86055,1084,114112,1038
42019,68472,1115,88813,1365
42021,45901,1074,60373,1300
42023,41485,1945,53580,3801
42025,53624,1457,65094,1914
42027,58055,2017,77412,1515
42029,96726,1125,129019,1903
42031,45625,1384,58338,1642
42033,47270,1523,59011,2159
42035,49234,1685,60724,1547
42037,49889,2025,63864,2143
42039,49144,1173,63013,1571
42041,68895,1591,87449,1583
42043,58916,1437,77993,1638
42045,71539,1022,101223,1465
42047,51112,2209,64048,2476
42049,49716,919,67152,1057
42051,44476,1992,61022,1870
42053,38383,2240,46986,2876
42055,59713,1974,74741,2263
42057,51259,2194,61775,2134
42059,54121,2432,69275,2818
42061,48597,1311,60455,1119
42063,46877,1462,62901,2153
42065,46818,1640,59036,1390
42067,52765,2106,64232,2486
42069,50875,1145,67978,1351
42071,63823,643,81397,1203
42073,48860,1724,65368,1851
42075,59114,1681,72769,1540
42077,62178,979,82847,1239
42079,51646,857,67158,957
42081,52407,1386,65489,1585
42083,46953,1217,61911,2369
42085,48768,1332,64243,1852
42087,47526,1807,59587,2385
42089,63931,1854,78231,1841
42091,88166,1023,120859,1199
42093,57183,4693,80783,5289
42095,67565,1341,87768,1703
42097,47063,1630,60619,1515
42099,62266,1895,74190,1778
42101,43744,595,65090,648
42103,64247,3440,82340,3014
42105,42821,1568,56226,2570
42107,49190,1207,62374,1197
42109,57638,2133,69966,2140
42111,48224,1132,62032,1786
42113,47346,3301,62082,3598
42115,53059,1747,69911,1939
42117,50667,2287,63777,2126
42119,56026,2766,75371,3684
42121,47982,1401,60941,1729
42123,48409,1276,63033,2785
42125,61567,1297,82622,1643
42127,54851,2154,68249,2430
42129,58866,944,76500,1036
42131,59308,2792,71356,2149
42133,63902,933,79925,1200
44001,75578,3422,108279,4505
44003,70223,1879,89498,2118
44005,77237,3024,103474,3596
44007,55233,904,76155,1104
44009,81301,2985,103489,2732
45001,36685,3187,51486,4078
45003,50036,1549,66713,1797
45005,24560,2977,38401,3782
45007,47906,1224,64057,1524
45009,32229,5161,47509,3632
45011,36566,2839,48742,3027
45013,63110,1983,88376,2602
45015,59995,1499,75504,1545
45017,44534,3898,60797,5436
45019,61028,1426,90593,1901
45021,35836,2201,52714,4284
45023,40080,3797,51811,2737
45025,40033,2434,51767,2824
45027,37525,1954,52668,2884
45029,36276,1090,51053,2471
45031,36254,2153,52907,1982
45033,29362,2228,43942,4084
45035,61698,1894,76701,2356
45037,49200,3629,69741,4740
45039,36294,4271,54010,5284
45041,45479,1634,64233,2175
45043,48071,2850,71010,3733
45045,56789,874,78229,1295
45047,40982,1671,58679,3480
45049,32453,1688,43009,2476
45051,48279,845,63661,1315
45053,41930,3475,58336,5531
45055,49392,2033,60728,2547
45057,55223,2390,76139,3645
45059,41578,1485,55273,3412
45061,31651,2928,45875,3920
45063,59593,1213,76343,1247
45065,42262,4551,57950,5292
45067,33046,3009,50693,6966
45069,34203,2307,45307,2857
45071,42765,2131,57692,2477
45073,46056,1633,66461,2513
45075,36188,1604,49429,2004
45077,47024,1429,62857,1695
45079,53922,1069,73371,1258
45081,44486,2731,58014,4162
45083,50179,972,66705,1533
45085,43792,1589,56757,1842
45087,40120,2635,52916,5840
45089,32351,2519,46239,2877
45091,62431,1371,83339,1488
46003,59293,4284,74162,7517
46005,51700,3767,62290,3033
46007,48348,4448,55926,4727
46009,54450,4077,63872,3519
46011,56370,2989,71335,3408
46013,56455,2862,75524,5476
46015,50839,4036,74483,10438
46017,32500,5554,39854,3698
46019,44387,3125,63626,7845
46021,52500,6952,90701,27804
46023,46389,2413,60837,2900
46025,47798,6065,72269,12503
46027,43189,3636,69188,5841
46029,54774,4288,69473,3857
46031,35441,1898,53541,6191
46033,55472,6020,66094,5223
46035,47772,5129,66661,5287
46037,44145,4386,64389,6973
46039,57930,4770,68565,4474
46041,43954,3189,55560,3537
46043,57419,6781,71895,6063
46045,68551,6408,79393,6901
46047,50837,3442,59325,3987
46049,53889,8490,69215,6722
46051,62532,7724,73392,6007
46053,44479,4642,62787,5018
46055,37420,3893,55996,7647
46057,65050,2220,75699,3715
46059,52438,4638,72430,7628
46061,63036,2751,74169,4723
46063,57365,3335,75776,9536
46065,63564,5358,78049,4689
46067,54868,2971,70199,4224
46069,54891,5018,70770,8534
46071,33438,5907,42921,5257
46073,49519,5792,86291,16156
46075,41103,6051,52820,6305
46077,59375,2977,69980,3769
46079,59232,4788,79805,7838
46081,52245,3466,71391,5039
46083,81422,2655,109824,5959
46085,53263,2802,60510,3520
46087,62234,3262,71858,3791
46089,43804,9021,61829,7018
46091,63594,5195,74594,5153
46093,59218,3940,70606,4000
46095,31222,2799,41601,4900
46097,51394,7871,64339,5747
46099,60028,1314,74453,1482
46101,58167,4699,73255,6148
46102,30347,3591,43132,3783
46103,55024,1432,73759,2338
46105,56850,6594,73612,9710
46107,53600,4422,71638,6234
46109,50495,2886,68604,4242
46111,54899,3440,75435,6773
46115,52729,2451,80654,6015
46117,71763,3457,86935,8543
46119,64028,10399,97635,18638
46121,24257,3226,37546,3296
46123,51027,4819,59374,4966
46125,55380,4759,68802,4900
46127,69563,3829,94387,6858
46129,52123,6613,70943,8723
46135,54694,4108,75993,6810
46137,37143,3252,50017,4478
47001,49376,2492,67624,3039
47003,48945,2166,65688,4011
47005,33125,3782,47388,3174
47007,42889,5054,61734,7290
47009,54140,1749,73646,2538
47011,48140,1978,67366,3559
47013,38170,1972,54697,4488
47015,49523,4040,60817,3956
47017,40810,1959,54220,3919
47019,36589,1614,50467,2858
47021,58641,3170,69665,2787
47023,45667,7517,58547,4132
47025,36077,2596,48836,3147
47027,31487,5013,45705,5583
47029,33614,2524,48622,3665
47031,47998,2188,64384,3694
47033,42047,2596,55463,3660
47035,43893,1465,56496,2413
47037,56507,855,81577,1085
47039,40233,3310,58466,7533
47041,44134,3591,64331,7065
47043,50549,2297,67864,4505
47045,43762,3208,62859,5062
47047,59017,2723,79807,3526
47049,35084,2375,45425,3089
47051,49038,2309,67080,4087
47053,41886,2158,56155,2809
47055,47528,3855,59213,2817
47057,42997,3743,55065,3926
47059,40138,1831,56834,3021
47061,36987,3287,49744,3327
47063,42589,2422,55363,2787
47065,53035,949,75518,1553
47067,28990,2816,46443,6377
47069,38651,3755,49944,3291
47071,39798,1997,55860,3495
47073,40335,1942,55466,2685
47075,38362,2866,53838,4226
47077,42430,2964,54443,3203
47079,40837,1768,53556,3312
47081,41998,2620,60591,9539
47083,43964,3741,56636,7584
47085,41510,2808,56172,4110
47087,36703,3994,47723,3595
47089,47264,2377,64654,4279
47091,34151,3356,48422,4217
47093,54437,813,76945,1423
47095,34966,6297,56301,8897
47097,37915,2098,49469,2603
47099,41553,1586,53405,2589
47101,37139,3079,52639,4716
47103,45736,3682,61014,3048
47105,56078,3662,74705,4186
47107,41398,2661,58593,4953
47109,36055,3524,49865,2992
47111,36246,2762,55081,4986
47113,46223,1729,64021,2040
47115,48024,2450,59882,3047
47117,49370,3134,62886,3620
47119,54249,1751,71001,3784
47121,43250,4203,57326,4265
47123,38327,2549,53286,3037
47125,55972,1747,69362,1792
47127,52294,4433,73086,10320
47129,40166,2561,55123,3612
47131,39866,2230,54843,2851
47133,36558,1788,49885,2602
47135,34634,7931,69509,18376
47137,41004,2965,54047,6858
47139,41818,2889,59013,5997
47141,40888,2074,57962,2502
47143,39451,3060,55770,3385
47145,50003,2966,67077,3485
47147,61774,2709,76717,2761
47149,63846,1154,78851,1442
47151,35453,3957,47174,3744
47153,51750,4647,58580,3430
47155,45943,1619,60087,2286
47157,49782,691,73887,1085
47159,46404,2929,67641,11917
47161,42269,4041,54536,3800
47163,43442,1229,62795,1677
47165,64631,1434,85007,2302
47167,60167,2829,75662,3488
47169,52864,10817,59870,6070
47171,39851,2947,51747,3161
47173,41352,2106,57030,4356
47175,37127,6456,49322,4621
47177,37715,2218,54492,4154
47179,46752,1903,65921,2186
47181,38634,5802,50310,3998
47183,38566,1757,52040,3752
47185,40745,1972,53329,4116
47187,109026,2935,144449,3153
47189,71513,2237,87807,2054
48001,43355,2033,55852,2497
48003,74233,4834,94962,11317
48005,47714,1985,61152,2463
48007,44865,4698,75471,7950
48009,64476,4552,80073,5271
48011,66563,8051,79808,7527
48013,55265,3274,73390,5145
48015,65365,4632,80769,3929
48017,46485,5594,62434,10820
48019,53683,4866,70305,5122
48021,62941,3059,78710,3192
48023,40750,7834,60098,7315
48025,42032,4701,60273,5198
48027,54184,815,69605,1512
48029,55456,501,76006,656
48031,63071,3656,85285,6491
48033,81985,13787,85046,8913
48035,50882,2214,65377,2965
48037,47505,2075,67304,3298
48039,79270,2003,97877,2282
48041,46839,1913,70257,1892
48043,43894,2762,60719,5895
48045,42647,6885,58155,5994
48047,27378,2831,41408,5363
48049,45457,2375,64580,3639
48051,56235,3507,72427,5522
48053,59238,3055,79066,4270
48055,52278,2375,69537,4097
48057,55469,4258,70543,5027
48059,44602,3204,59335,4656
48061,37132,1130,53211,1174
48063,42604,4451,56091,4302
48065,70087,7537,84978,7233
48067,45345,3467,56515,2613
48069,45000,6963,59313,7093
48071,76850,8824,98290,6368
48073,46044,1936,60376,2666
48075,40794,7345,58832,7819
48077,51191,3678,68492,4202
48079,42798,7441,57710,5952
48081,45551,3023,53056,3348
48083,43981,2768,64448,7858
48085,94192,911,120691,1192
48087,42750,9436,60536,9729
48089,49504,4080,70324,5885
48091,75356,1984,98131,2565
48093,47893,4071,60948,4962
48095,43355,9282,61808,9950
48097,57646,4167,73257,2993
48099,51440,1688,64278,3037
48101,34375,7934,47243,7106
48103,70398,9716,79681,7674
48105,51152,4717,63225,8826
48107,37899,3153,50926,4951
48109,33417,11126,42536,5422
48111,51250,10958,78602,14849
48113,56854,391,85064,614
48115,44657,5731,62692,5787
48117,51841,4192,63376,3186
48119,46138,5456,63240,6044
48121,83376,1008,108579,1152
48123,53779,5425,81174,5875
48125,41618,3947,57230,8126
48127,27832,6110,50693,7270
48129,43224,4015,57942,4980
48131,37382,5459,50374,4127
48133,35325,2490,60741,9753
48135,60676,1959,82506,3115
48137,40313,21276,62107,13376
48139,72213,2151,90350,2975
48141,44597,745,60632,701
48143,48819,2400,67961,4639
48145,38032,3400,49617,3410
48147,50761,1798,65077,2297
48149,56297,4556,76017,4649
48151,46827,4353,64120,7409
48153,48555,5620,57642,6194
48155,46354,8925,60131,10804
48157,95561,1694,123548,2240
48159,52944,6279,67848,6727
48161,48731,5100,67181,4457
48163,42476,5003,63369,8449
48165,59032,5358,74857,8891
48167,69369,1866,95026,2024
48169,55039,14840,71609,16663
48171,58325,4646,80569,6904
48173,75833,17605,94304,17804
48175,60492,4435,76236,7712
48177,53006,3721,73239,5282
48179,47170,4894,66873,4590
48181,54370,1905,70460,1797
48183,49287,1254,67886,2223
48185,50298,4135,72230,7656
48187,70931,1953,86049,1964
48189,47080,2713,56831,2830
48191,32921,3335,54817,9379
48193,47500,9960,70251,9716
48195,39229,4633,54819,5591
48197,42238,10049,56979,6054
48199,59105,3317,77772,3856
48201,60146,474,89270,560
48203,51202,2234,68884,3994
48205,59280,9890,73285,8451
48207,46013,4336,53831,4186
48209,65935,1872,85397,2556
48211,63778,8931,79573,9634
48213,45798,1788,64314,2195
48215,38398,891,56090,1140
48217,48823,2959,65716,3013
48219,48116,2342,65147,3021
48221,59049,3646,80447,3540
48223,51877,2465,69253,3988
48225,34297,2898,47354,3109
48227,51528,2638,71173,5054
48229,29318,7647,45074,9983
48231,51928,1501,67512,2167
48233,50651,3341,65818,3636
48235,54706,15653,75706,11853
48237,51700,3382,68400,5184
48239,60276,5630,71786,4563
48241,46088,4446,64734,4613
48243,53194,14890,56213,5743
48245,48463,1193,68549,1573
48247,32049,5659,51120,6178
48249,42005,5407,62151,5284
48251,62066,2041,78174,1867
48253,45694,5639,64904,4668
48255,52252,4347,83800,8411
48257,65390,1830,81752,2295
48259,82390,5079,120877,8119
48261,36125,6795,40908,7879
48263,45926,9347,68737,17787
48265,52473,2685,73327,5216
48267,42500,3770,64992,11264
48269,65125,26021,75557,14602
48271,31468,6246,49372,8994
48273,42021,3663,58413,4650
48275,46146,7394,57553,4746
48277,43562,2785,59148,2737
48279,43396,2336,57348,3321
48281,58194,3109,73074,4331
48283,51792,4314,79335,24436
48285,53021,3540,77669,4996
48287,55000,5256,67793,5303
48289,44818,6788,80589,13881
48291,49850,2666,66052,3400
48293,42680,4009,57409,2962
48295,57372,8099,73911,6374
48297,55766,6296,67552,5853
48299,52178,2922,82567,7273
48301,81875,46475,75148,19822
48303,50473,1234,71043,1280
48305,43524,3428,66719,6247
48307,45329,6696,58607,5567
48309,48199,1254,66650,1361
48311,68750,16747,91265,22670
48313,49428,4164,65516,4258
48315,37283,3024,60527,7724
48317,69722,11169,94582,12904
48319,40708,4263,60697,8606
48321,45500,3150,62232,3346
48323,38035,2789,54137,3947
48325,61059,2853,78044,3563
48327,40606,9606,51494,7624
48329,78888,3668,109874,3823
48331,47081,4092,61094,3977
48333,41827,6224,60535,10487
48335,49670,10901,71553,8931
48337,51774,1743,68340,4837
48339,77416,1496,110807,2468
48341,51527,2468,63840,3624
48343,42961,2609,56797,5287
48345,43750,7082,62145,8828
48347,43598,2009,60789,2762
48349,47920,2701,64220,2848
48351,40950,3016,54380,4199
48353,44346,4193,66804,5892
48355,55048,1208,74820,1723
48357,49928,4789,70352,7598
48359,63315,5160,87324,12084
48361,55700,2395,74104,2571
48363,45979,4275,64671,4078
48365,51569,1915,67548,5458
48367,74625,2568,97384,2835
48369,54184,3885,67600,4452
48371,52282,6993,66605,7212
48373,46182,3512,63446,3241
48375,43157,1520,60730,2085
48377,27061,6108,39099,4868
48379,49872,3879,65103,4655
48381,67397,2025,86352,1999
48383,70478,14527,75412,6613
48385,34813,6986,48791,6587
48387,37955,3903,50123,3066
48389,58384,6808,67979,6135
48391,48112,5652,59434,5013
48393,73854,12671,88939,12975
48395,54201,5421,67074,5336
48397,94767,3323,114436,3779
48399,41732,3559,58250,4124
48401,52329,2398,68838,3071
48403,33257,3025,54131,4741
48405,35509,5831,55145,8334
48407,44658,4204,59016,3498
48409,55229,2202,71588,2452
48411,44698,5395,63072,6740
48413,55677,15264,61014,6459
48415,55889,5767,69935,4561
48417,45187,5233,59257,8215
48419,40764,3638,54312,3670
48421,56576,5943,71238,6605
48423,53511,1452,73922,1761
48425,53162,9634,68502,7941
48427,29294,2918,47374,4052
48429,45336,4604,62311,6249
48431,59286,14886,66108,8329
48433,48000,15538,66282,8100
48435,60543,12711,71175,8001
48437,38418,3110,53684,6231
48439,64874,547,89207,719
48441,50818,1577,69401,2042
48443,33750,12715,48627,11579
48445,44975,5820,62229,4460
48447,44196,12922,62624,10267
48449,46698,3475,59775,2553
48451,51675,2309,72478,2769
48453,71767,823,103148,1003
48455,40407,3033,51359,3106
48457,43936,3381,57233,3550
48459,50906,4564,66328,3527
48461,52257,5967,66849,6584
48463,41752,3354,53379,3531
48465,45521,2689,62212,3884
48467,51935,1845,69340,3503
48469,55631,2752,76886,2992
48471,41855,2046,56197,2738
48473,57654,5987,78075,4669
48475,64630,7127,75278,4722
48477,56237,5282,76880,7107
48479,42293,1239,59917,1801
48481,49619,2779,70765,4966
48483,49352,6360,65686,5202
48485,46575,1427,62083,1667
48487,48773,6797,59930,5253
48489,29944,5675,45647,3789
48491,83679,1125,101648,1408
48493,72445,4432,89915,4312
48495,59167,9911,70223,6630
48497,61709,2458,79497,3720
48499,48534,3019,68298,5311
48501,68814,3598,82418,8854
48503,47194,5168,64653,5356
48505,31113,4819,52009,11382
48507,30988,5991,39610,4031
49001,54212,6679,64003,5222
49003,59937,2300,73085,2541
49005,56840,1332,72148,2021
49007,50278,2066,60125,2852
49009,81250,35024,78210,13283
49011,79690,1201,95480,1254
49013,63919,2027,72770,2538
49015,52055,3028,63028,2733
49017,52337,8788,63928,6209
49019,48673,5136,57639,5089
49021,46809,3453,62279,3387
49023,62237,2320,71620,4005
49025,48269,8418,64199,6282
49027,60445,4020,77282,8165
49029,89274,3473,110893,7896
49031,39440,4761,52929,6018
49033,49886,13343,74886,11199
49035,71230,683,92551,897
49037,44680,3843,59997,4371
49039,51720,3649,61751,3285
49041,53020,1941,63678,2985
49043,100453,5764,147236,7541
49045,71020,2997,79400,2645
49047,66736,3909,80958,4995
49049,70408,818,88432,1022
49051,77449,5814,101140,6112
49053,56877,1511,75180,3085
49055,44694,3167,58130,4968
49057,64636,1074,76945,1358
50001,65093,2424,80738,2146
50003,53040,2307,74969,4182
50005,49348,1842,66921,4050
50007,69896,2132,91828,2532
50009,41045,2661,52863,2811
50011,64258,1568,77660,2714
50013,69583,5812,92654,7160
50015,60365,3915,78742,7268
50017,60159,2361,72126,2286
50019,47915,2193,61490,1945
50021,54973,1754,68615,1942
50023,62108,2065,78720,2150
50025,52659,1706,70714,2543
50027,58303,1576,78208,2699
51001,43210,3243,57996,3097
51003,75394,2534,107948,4013
51005,47794,3629,60513,3576
51007,58526,8627,74185,7101
51009,49170,3347,61676,2969
51011,56176,4129,68207,4760
51013,117374,2067,149525,2283
51015,61305,1784,73950,2662
51017,46137,2875,61463,12875
51019,61541,2660,78489,3378
51021,50511,4943,63102,4977
51023,68410,3438,84029,3184
51025,41927,3130,52982,3259
51027,30806,2381,43968,2703
51029,46261,4573,53984,3249
51031,50258,2308,65559,3101
51033,64715,4314,82975,7755
51035,43532,2276,57780,5782
51036,59192,4207,89844,15421
51037,39212,2751,50140,3628
51041,80214,1216,98678,1302
51043,77936,6550,99778,6586
51045,55484,13649,64188,7071
51047,73116,2713,88970,3574
51049,46221,4519,60786,5636
51051,29226,2792,53650,9904
51053,55880,4297,70153,4921
51057,52681,2936,62347,5465
51059,121133,1144,153844,1324
51061,97469,3787,122640,4274
51063,49729,4731,61322,4093
51065,74931,4899,101541,18892
51067,52639,3185,68959,3650
51069,73250,2263,90356,2579
51071,52478,3169,61973,3729
51073,66701,3711,82113,3407
51075,89741,7343,126796,9360
51077,33969,2345,47703,3751
51079,64979,4475,85619,8749
51081,44534,7545,51357,3842
51083,42289,2347,54456,2986
51085,88652,2596,105579,2633
51087,68572,1482,93759,1605
51089,36683,1839,49397,2804
51091,46147,3558,62314,8525
51093,71376,3787,88211,4091
51095,83048,2991,109646,4994
51097,54516,7231,65527,6042
51099,87321,8183,103832,5735
51101,68720,4657,84546,5512
51103,50739,7705,77428,7609
51105,32718,3065,47218,3780
51107,136268,2063,160726,2384
51109,59343,4020,78322,5770
51111,41868,4197,49468,3486
51113,54197,4437,75733,8831
51115,67009,9029,88006,11265
51117,42025,2464,57561,3576
51119,51917,6744,67128,5678
51121,54641,1795,75661,3270
51125,62446,7444,82363,9066
51127,79698,4414,95882,4649
51131,43553,4273,61127,4058
51133,58677,5014,75188,6493
51135,42869,4498,63382,13958
51137,68481,3991,79470,3538
51139,47951,3979,61444,4319
51141,40486,4326,51942,3408
51143,45382,2056,57814,2494
51145,83914,4985,98807,4484
51147,46189,4053,64342,5521
51149,67001,3178,84555,3998
51153,103445,1915,122231,1771
51155,52638,1998,61930,2177
51157,68438,7363,90406,7233
51159,49831,4953,61375,7046
51161,65467,2229,83540,2359
51163,54805,4086,75313,6386
51165,59817,1844,76808,3041
51167,39482,2596,51444,3636
51169,39144,2488,50211,2130
51171,54921,3008,67417,2920
51173,40425,1626,52526,2904
51175,54611,6821,65906,3666
51177,85330,1869,103692,2275
51179,106773,3208,122695,2565
51181,54844,4834,67559,5011
51183,45801,3896,54770,3949
51185,40978,1974,56037,3401
51187,68189,4293,81796,3120
51191,46262,1583,61489,2041
51193,54268,3000,75446,5532
51195,38345,3388,53330,3571
51197,48043,2922,63002,5200
51199,90367,3142,104724,2636
51510,96733,1933,127734,2385
51520,37904,2685,51983,3890
51530,34273,9808,50088,6509
51540,58933,3493,85664,4001
51550,75790,1575,92716,1760
51570,53716,5085,67430,3456
51580,39432,3798,56384,7313
51590,36301,2104,50300,2202
51595,30857,2784,45698,5390
51600,111574,7598,132435,5990
51610,124796,15295,181724,12059
51620,40375,6482,58059,6443
51630,63274,7136,86820,5088
51640,31938,3916,49125,8704
51650,54550,1491,68776,1858
51660,43893,2962,60920,3944
51670,40497,3873,53391,3414
51678,36466,7238,57050,8115
51680,43374,1665,61086,2372
51683,78462,3991,93608,3583
51685,80667,7690,94472,6226
51690,33224,3916,52429,4187
51700,51884,1249,66183,1573
51710,49146,990,69410,1617
51720,28071,6418,44829,7355
51730,36135,1580,50193,2834
51735,96831,4475,103661,4621
51740,50224,1622,61052,1703
51750,36743,6295,56298,7069
51760,45117,1265,71732,1699
51770,43028,1367,59205,2100
51775,57185,3326,75752,5757
51790,48049,2289,66313,4641
51800,70664,2173,86685,2455
51810,74186,953,93675,1339
51820,45738,4299,58718,5324
51830,56163,6110,88075,7325
51840,53797,4115,75613,4284
53001,49142,5961,61370,3778
53003,50423,2558,65079,3633
53005,65650,2031,83941,1765
53007,56135,2615,75117,3010
53009,49913,1998,65858,2110
53011,71636,837,91321,1250
53013,51111,5853,70516,7379
53015,51752,1326,67765,2155
53017,60452,4163,77297,6926
53019,41924,2617,54815,3385
53021,62002,2233,76571,3181
53023,52525,7999,57202,5197
53025,54982,1906,70214,2566
53027,47770,2089,62610,2804
53029,64809,1871,82310,2392
53031,54471,3254,72540,4179
53033,89418,784,120828,808
53035,71610,1435,89103,1525
53037,55193,2987,67446,3077
53039,54056,3710,64035,3418
53041,50216,2241,64205,1911
53043,50744,3332,64904,2901
53045,55726,1752,68123,3024
53047,45808,1529,57131,2490
53049,44846,2441,55824,2661
53051,48583,2974,61815,2895
53053,67868,839,85781,970
53055,60711,2517,87861,3396
53057,62865,1581,81114,2199
53059,58598,4141,72490,3651
53061,82751,856,99907,802
53063,54852,814,73704,1147
53065,49200,2238,62370,2306
53067,69592,1269,84316,1273
53069,54085,4025,68660,7988
53071,56533,3168,73555,3098
53073,59285,1481,76439,1558
53075,42163,2124,58665,2181
53077,49871,1159,66331,2062
54001,39580,4632,55171,3580
54003,60615,1882,72871,2127
54005,38642,3787,52007,4080
54007,42213,5363,53644,3955
54009,49772,3595,58298,2311
54011,38321,1341,56507,1996
54013,37610,4796,49830,5961
54015,35875,4142,44172,3990
54017,46449,9023,61118,5851
54019,40379,2019,51429,1985
54021,35810,5509,48290,3660
54023,41071,4183,53321,3914
54025,39038,2982,53919,3765
54027,40099,3403,52857,3152
54029,45580,2306,58024,2323
54031,47186,5626,66426,8192
54033,50433,2080,67459,2864
54035,44783,4810,59796,3833
54037,76503,3712,92433,2208
54039,45426,1901,65129,2085
54041,39423,2644,54338,4147
54043,37679,4815,49783,4761
54045,38123,3369,52773,2971
54047,26547,1915,36874,2988
54049,48605,1960,63042,2066
54051,43918,3875,60023,3247
54053,40347,4476,52880,3222
54055,39372,2773,51002,2390
54057,46354,2927,55538,2500
54059,31305,1875,44297,3008
54061,49926,1659,75862,2694
54063,36493,3240,52154,4029
54065,50661,3044,65577,7481
54067,38468,2229,51925,2521
54069,48418,2166,70333,3528
54071,41210,2678,55805,5330
54073,48563,8704,71201,8181
54075,39702,3485,54379,6114
54077,48317,2110,61137,2636
54079,59626,4177,78433,3671
54081,42296,2195,58536,2793
54083,41094,2882,59478,4765
54085,44472,4018,57830,5258
54087,34300,3031,50639,4059
54089,36049,2066,47176,3358
54091,47205,2734,58916,3452
54093,45655,3125,52580,2689
54095,41108,4184,58731,7487
54097,40401,2606,53813,3303
54099,36875,3738,51853,3043
54101,34312,5089,45234,4098
54103,42125,2794,55411,2897
54105,40189,3985,49126,4421
54107,45958,1776,63271,2200
54109,40045,3596,50909,3853
55001,43280,1717,57609,2221
55003,43861,2544,55692,2415
55005,50903,1817,66277,2504
55007,52910,1503,65004,1970
55009,59963,1393,77046,1822
55011,57134,1499,68951,2155
55013,49982,1413,61369,1851
55015,72530,2598,86147,2440
55017,57288,1687,70227,1759
55019,51872,927,64886,1489
55021,65348,1584,79421,1978
55023,48853,1777,62821,2702
55025,70541,997,92547,945
55027,58870,1805,70546,1413
55029,58287,1960,76803,3575
55031,52480,2058,65417,1587
55033,56268,2577,69995,2545
55035,55711,1487,71690,1993
55037,49128,4882,66990,7892
55039,59373,1270,73818,1947
55041,44313,1984,54980,2648
55043,52958,1330,64487,1513
55045,62699,2311,76953,1961
55047,53260,1695,66080,2190
55049,62785,3091,81455,3447
55051,40801,2325,54461,3161
55053,52984,2972,64879,2105
55055,63676,2189,75975,1947
55057,51056,1694,65299,2611
55059,60929,1528,79118,1551
55061,63118,2388,72630,2365
55063,55479,1432,76184,1815
55065,59629,1865,70488,1988
55067,46557,3185,57685,2210
55069,56086,2436,66849,1877
55071,53489,1451,65889,1463
55073,59543,1425,77678,1927
55075,47497,1760,59119,1887
55077,49586,1527,59724,1535
55078,43872,4909,63588,9075
55079,48742,547,67364,708
55081,58178,1851,69539,2092
55083,57105,1759,68942,1878
55085,54198,1462,73205,3085
55087,63536,1155,79646,1416
55089,82807,2024,117637,4676
55091,53140,2174,67649,3313
55093,72111,2529,85999,2526
55095,56932,1301,69647,1354
55097,57368,1929,72790,2031
55099,46742,2171,58668,1701
55101,59749,1011,76902,1326
55103,51335,2233,61592,2079
55105,55832,1073,69229,1355
55107,44302,2366,55339,2027
55109,81124,2040,96820,2193
55111,56732,1108,70958,2073
55113,44555,1639,67130,5919
55115,54143,1727,66274,1829
55117,58943,1596,72900,1405
55119,51698,1484,64338,1973
55121,55865,1861,67911,1547
55123,50905,1864,66252,5338
55125,44285,1762,63166,2770
55127,61106,1402,76997,1602
55129,48422,1438,64967,3140
55131,74062,1669,92266,2167
55133,84331,918,110759,1378
55135,57680,2010,70688,2189
55137,51195,1316,65597,2458
55139,57124,1152,79230,1973
55141,53473,1503,68235,1704
56001,46865,2174,62436,2995
56003,53435,2844,61394,3134
56005,79916,4196,88960,4437
56007,60206,5264,72687,3723
56009,63923,6844,78636,5659
56011,64055,6603,80831,6794
56013,54242,3180,71542,3183
56015,49774,4210,67499,5710
56017,51875,5179,68162,5692
56019,55991,7320,77806,10289
56021,64220,1924,80350,2617
56023,64519,4154,80387,5250
56025,60550,2371,78892,2372
56027,39359,7728,55646,7868
56029,62666,4624,83367,7645
56031,47096,3764,70433,10535
56033,58521,2598,77032,4222
56035,78680,11685,87589,8272
56037,73008,3133,84961,3553
56039,83831,5822,128868,12744
56041,58235,5671,71005,3680
56043,53426,3654,65351,4945
56045,52867,6921,68181,5776
72001,12902,1027,18945,1708
72003,16347,1084,25041,1695
72005,16693,951,27858,2135
72007,17255,1562,27066,3079
72009,19720,1401,27659,2456
72011,19379,1533,27090,1792
72013,18001,831,25046,1108
72015,16976,2241,21725,1984
72017,16889,1829,23550,1916
72019,15970,1628,22969,2497
72021,26017,774,36513,1044
72023,16080,942,24994,2007
72025,25006,1128,37536,1620
72027,16831,996,26926,2839
72029,20673,1668,33079,2784
72031,29434,1311,40301,1248
72033,18253,2132,31223,1874
72035,21320,1445,30480,1555
72037,19103,2515,32364,6941
72039,15071,1581,22066,2890
72041,19949,1394,30054,1848
72043,19833,2057,27797,1894
72045,12812,1348,18191,1511
72047,15088,1444,21604,1593
72049,23802,4314,28110,3481
72051,29667,3850,48099,3978
72053,19068,1213,28612,2865
72054,20315,3694,24065,2781
72055,13242,846,18117,1855
72057,16374,1310,24665,2104
72059,16922,1349,23356,1484
72061,33937,1745,61989,3159
72063,33661,2355,49223,4821
72065,17201,1310,27665,2203
72067,19394,2271,27632,3085
72069,19880,1116,30725,2954
72071,16748,1313,23820,1733
72073,15424,2978,20759,2306
72075,20845,998,29952,2090
72077,18969,1633,25159,1481
72079,13747,1070,19814,1703
72081,14540,1599,22297,2374
72083,13435,2781,19569,2716
72085,21792,1810,30591,2473
72087,17402,1188,23820,1360
72089,20829,2080,29220,2077
72091,19459,2072,28042,1780
72093,13262,2413,16537,1796
72095,19788,3553,25790,4421
72097,14120,770,25524,1393
72099,14155,1310,23248,3354
72101,20589,1205,27362,1907
72103,19356,1831,25017,2148
72105,19332,2452,25859,1983
72107,13319,1247,20596,2116
72109,15761,1829,22404,2105
72111,17592,1596,24899,1833
72113,17173,503,29189,1431
72115,16630,2110,24939,3200
72117,21591,3871,28438,2654
72119,22509,1243,30225,1910
72121,16846,1723,25218,1949
72123,16887,1447,23108,1533
72125,15619,1625,24759,2202
72127,22146,699,42350,1129
72129,18821,1560,27632,2135
72131,14812,1029,22472,2236
72133,17640,2025,27372,2750
72135,28863,1418,41890,1878
72137,24899,1165,33542,1571
72139,31193,1173,43028,2537
72141,16533,1087,22539,1435
72143,18895,1162,33032,3122
72145,19096,1063,27927,1690
72147,15539,3003,22635,3178
72149,19855,1503,29895,5119
72151,16013,1364,22916,1785
72153,14954,1048,21907,1035
,60293,140,84938,164
