FIPS,Median Household income 2012,Median Household income 2016,Median Household income 2018
27013,67849.0,53869.0,58616.0
27019,103742.0,92455.0,100324.0
27037,87157.0,78662.0,86302.0
27053,88229.0,71200.0,76052.0
27109,80026.0,72428.0,75327.0
27123,71014.0,60369.0,62919.0
27137,58735.0,49825.0,53550.0
27139,102131.0,88765.0,100963.0
27141,77814.0,83675.0,80643.0
27145,67112.0,57728.0,60669.0
27163,99036.0,90256.0,95124.0
27171,83753.0,74190.0,88359.0
28033,67338.0,64505.0,68385.0
28035,44620.0,37275.0,38837.0
28047,55417.0,42770.0,45042.0
28049,54478.0,43657.0,45459.0
28059,65900.0,54606.0,50546.0
28067,51740.0,43350.0,49393.0
28075,48480.0,42364.0,37971.0
28081,55697.0,42235.0,53062.0
28089,89903.0,64350.0,75992.0
28121,68929.0,62332.0,66480.0
29019,67956.0,52752.0,54356.0
29021,53223.0,48550.0,55020.0
29031,59307.0,50223.0,49844.0
29037,67294.0,63420.0,71114.0
29043,62727.0,53172.0,56717.0
29047,71520.0,65430.0,68269.0
29051,63116.0,55303.0,63568.0
29071,61884.0,55359.0,58209.0
29077,53573.0,42062.0,43771.0
29095,60452.0,50815.0,55929.0
29097,51432.0,45786.0,46617.0
29099,62562.0,61559.0,65246.0
29165,84537.0,77581.0,80468.0
29183,82616.0,80644.0,81663.0
29187,44515.0,45431.0,46796.0
29189,80750.0,62572.0,66778.0
29510,49814.0,40346.0,43889.0
30013,55354.0,45138.0,49948.0
30029,64227.0,50142.0,53193.0
30031,76820.0,61211.0,68266.0
30063,60109.0,46550.0,56598.0
30111,63976.0,57945.0,60079.0
31055,68924.0,58990.0,64390.0
31109,66222.0,58845.0,57650.0
31153,78662.0,73569.0,77941.0
32003,66429.0,54384.0,57076.0
32031,66569.0,58175.0,63310.0
33005,70524.0,56364.0,59186.0
33009,74276.0,61520.0,66358.0
33011,86819.0,76254.0,78978.0
33013,74794.0,69505.0,75088.0
33015,93418.0,81726.0,95160.0
33017,67703.0,71295.0,71528.0
34001,66938.0,56778.0,61212.0
34003,112870.0,93683.0,100361.0
34005,95820.0,80254.0,84889.0
34007,78729.0,66362.0,67523.0
34009,73741.0,62548.0,67007.0
34011,61662.0,49110.0,52795.0
34013,82574.0,54277.0,63368.0
34015,88220.0,79879.0,81849.0
34017,81426.0,63808.0,74414.0
34019,137727.0,113684.0,111269.0
34021,99659.0,77650.0,80632.0
34023,95302.0,82375.0,88217.0
34025,108046.0,90226.0,99642.0
34027,126794.0,106985.0,112288.0
34029,75982.0,62222.0,68551.0
34031,79215.0,62016.0,75259.0
34033,71189.0,53662.0,65733.0
34035,126573.0,104478.0,121378.0
34037,97071.0,87829.0,92818.0
34039,92592.0,72028.0,82186.0
34041,79886.0,74867.0,77452.0
35001,62817.0,50601.0,51208.0
35005,59171.0,40960.0,43941.0
35013,51176.0,37496.0,35262.0
35025,68101.0,55636.0,50871.0
35031,42075.0,31526.0,34080.0
35035,51886.0,43646.0,42591.0
35043,70939.0,57158.0,54338.0
35045,62133.0,52003.0,44841.0
35049,71027.0,57863.0,60193.0
35061,50155.0,43700.0,46493.0
36001,74377.0,61754.0,64435.0
36005,47632.0,37525.0,38467.0
36007,59880.0,50463.0,51125.0
36009,51903.0,46842.0,48179.0
36011,59892.0,54995.0,52376.0
36013,55368.0,42204.0,45479.0
36015,56838.0,51269.0,53005.0
36019,65864.0,55316.0,56704.0
36027,86119.0,74115.0,80227.0
36029,64913.0,54246.0,56369.0
36045,57548.0,45624.0,53146.0
36047,65085.0,55150.0,61220.0
36051,60569.0,53121.0,61609.0
36053,63863.0,60630.0,59678.0
36055,67257.0,54492.0,60222.0
36059,119872.0,105870.0,116304.0
36061,124399.0,77559.0,85066.0
36063,61475.0,50233.0,55306.0
36065,62188.0,52996.0,54593.0
36067,67865.0,56991.0,59883.0
36069,64688.0,57448.0,62522.0
36071,85783.0,73025.0,75825.0
36075,59267.0,53562.0,54264.0
36079,116121.0,96992.0,102525.0
36081,70204.0,62207.0,69320.0
36083,73716.0,65965.0,71648.0
36085,83898.0,77197.0,82166.0
36087,103787.0,85515.0,89812.0
36089,58920.0,51592.0,49681.0
36091,84392.0,76097.0,83765.0
36093,70181.0,58331.0,64847.0
36101,58242.0,50575.0,55569.0
36103,106475.0,92933.0,100468.0
36105,60693.0,50652.0,52274.0
36109,75467.0,56349.0,57276.0
36111,77105.0,62790.0,63889.0
36113,68206.0,58061.0,56482.0
36117,60788.0,59538.0,61515.0
36119,124503.0,89709.0,94811.0
37001,54320.0,45100.0,49979.0
37019,65991.0,50692.0,60496.0
37021,60551.0,50685.0,53980.0
37023,49340.0,40345.0,43663.0
37025,71425.0,63386.0,69679.0
37027,41876.0,36301.0,42257.0
37031,64635.0,51206.0,54833.0
37035,56416.0,48913.0,53454.0
37037,68956.0,62961.0,74959.0
37045,45353.0,36992.0,40690.0
37049,58734.0,49938.0,50509.0
37051,55445.0,45205.0,46716.0
37057,54963.0,45678.0,45320.0
37063,71556.0,53832.0,58073.0
37067,64044.0,48271.0,49166.0
37071,55075.0,48711.0,52741.0
37081,60527.0,47262.0,51803.0
37085,56571.0,51637.0,51022.0
37089,53963.0,54963.0,53706.0
37097,65577.0,55891.0,59341.0
37101,56609.0,54719.0,60132.0
37109,60870.0,49453.0,63782.0
37119,80758.0,62978.0,63967.0
37125,68779.0,52279.0,58531.0
37127,53066.0,47902.0,51601.0
37129,68346.0,50028.0,52239.0
37133,54584.0,47150.0,50639.0
37135,87236.0,66423.0,72563.0
37147,50924.0,46573.0,42481.0
37151,51818.0,44836.0,47653.0
37155,40537.0,34254.0,35037.0
37157,45406.0,40985.0,40688.0
37159,49843.0,48379.0,46035.0
37161,44666.0,36121.0,43111.0
37171,52625.0,36802.0,48398.0
37179,82292.0,71588.0,80337.0
37183,84674.0,76097.0,79970.0
37191,50564.0,41711.0,40791.0
37193,46365.0,41332.0,43466.0
37195,48897.0,39036.0,42769.0
38015,82582.0,64558.0,71172.0
38017,70506.0,59240.0,62418.0
38035,61905.0,50008.0,52853.0
39003,54480.0,47592.0,49063.0
39007,46896.0,42965.0,46349.0
39013,56405.0,48220.0,50250.0
39017,69896.0,63273.0,60589.0
39023,51415.0,46811.0,49875.0
39025,72430.0,60661.0,64526.0
39029,57391.0,47864.0,43745.0
39035,62041.0,46601.0,49910.0
39041,103313.0,101693.0,99881.0
39043,62310.0,48949.0,49751.0
39045,72329.0,65316.0,67144.0
39049,68046.0,56055.0,60373.0
39055,88131.0,76384.0,82784.0
39057,73750.0,62018.0,67680.0
39061,67498.0,53229.0,57189.0
39063,63909.0,52810.0,60788.0
39081,54433.0,44257.0,40308.0
39085,67811.0,61870.0,65835.0
39089,67857.0,58685.0,67784.0
39093,63004.0,54504.0,58613.0
39095,55215.0,44534.0,47360.0
39099,53511.0,42295.0,47962.0
39101,50841.0,42826.0,43008.0
39103,76889.0,72618.0,75786.0
39109,64668.0,60170.0,58486.0
39113,56242.0,46936.0,50838.0
39119,50412.0,43422.0,49602.0
39133,65232.0,49695.0,64550.0
39139,53513.0,44073.0,49564.0
39141,54194.0,46422.0,46769.0
39145,48528.0,39210.0,37257.0
39151,57544.0,50994.0,52068.0
39153,65175.0,52036.0,58876.0
39155,51427.0,45552.0,46196.0
39157,56019.0,50440.0,49658.0
39165,97610.0,80207.0,86473.0
39169,60019.0,53434.0,59111.0
39173,66309.0,60166.0,63695.0
40017,76932.0,67177.0,70204.0
40027,70258.0,61288.0,62096.0
40031,55059.0,51164.0,52089.0
40037,56592.0,43609.0,55264.0
40101,48318.0,40860.0,45290.0
40109,64606.0,51078.0,52214.0
40119,52066.0,35927.0,48031.0
40125,53615.0,41716.0,48776.0
40131,66367.0,62434.0,60148.0
40143,66464.0,51325.0,55638.0
40145,64371.0,62041.0,62421.0
41003,67411.0,55459.0,63773.0
41005,81924.0,74891.0,81278.0
41017,64640.0,61870.0,67577.0
41019,50620.0,42889.0,47004.0
41029,59424.0,48563.0,56546.0
41033,47981.0,36472.0,48315.0
41035,49315.0,45604.0,45354.0
41039,55906.0,47777.0,53172.0
41043,52156.0,51310.0,54113.0
41047,57495.0,56550.0,56341.0
41051,70699.0,62629.0,71186.0
41053,59215.0,52485.0,61616.0
41059,54301.0,50171.0,56842.0
41067,80254.0,75634.0,83068.0
41071,61807.0,61596.0,60893.0
42001,69324.0,59300.0,62284.0
42003,72077.0,56140.0,59899.0
42005,52635.0,47398.0,49950.0
42007,58980.0,55221.0,54660.0
42011,68265.0,59286.0,62564.0
42013,53745.0,43443.0,49942.0
42017,95823.0,79936.0,88569.0
42019,74144.0,66426.0,66423.0
42021,53409.0,44100.0,45084.0
42025,61145.0,51676.0,53227.0
42027,68963.0,60266.0,57333.0
42029,108903.0,92407.0,99119.0
42033,49415.0,47352.0,46205.0
42037,58957.0,49186.0,50601.0
42039,52925.0,45410.0,51502.0
42041,76608.0,63530.0,71802.0
01003,62801.0,56732.0,56813.0
01015,51617.0,41687.0,45818.0
01043,48609.0,39411.0,44612.0
01049,47097.0,35963.0,36998.0
01051,62154.0,52579.0,60796.0
01055,47484.0,41152.0,45868.0
01069,59028.0,42321.0,48105.0
01073,63958.0,50180.0,55206.0
01077,55651.0,43427.0,49014.0
01081,57409.0,48056.0,46456.0
01083,65818.0,50872.0,67000.0
01089,74355.0,60503.0,63111.0
01095,52306.0,42362.0,47528.0
01097,54274.0,45744.0,43061.0
01101,58997.0,45395.0,49989.0
01103,56247.0,44378.0,53260.0
01115,60915.0,60158.0,56602.0
01117,83281.0,73647.0,71230.0
01121,44773.0,39393.0,40315.0
01125,57486.0,47787.0,54459.0
01127,50766.0,39068.0,47602.0
02020,92256.0,85634.0,83648.0
02090,83536.0,77328.0,75448.0
02170,82680.0,69332.0,72667.0
04001,41903.0,34685.0,30207.0
04003,57372.0,45508.0,50495.0
04005,62663.0,55091.0,61843.0
04013,70241.0,58737.0,65252.0
04015,47610.0,42423.0,46060.0
04017,44761.0,36998.0,40463.0
04019,61731.0,47560.0,53464.0
04021,58536.0,52555.0,59058.0
04025,56210.0,50420.0,48148.0
04027,49642.0,43518.0,43403.0
05007,70524.0,63631.0,67164.0
05031,59819.0,43678.0,44810.0
05045,61040.0,48506.0,51437.0
05051,58290.0,42826.0,42779.0
05069,47969.0,37712.0,35652.0
05085,61692.0,55837.0,53782.0
05119,62362.0,47387.0,49613.0
05125,67183.0,64932.0,63084.0
05131,52529.0,42053.0,46826.0
05143,57984.0,45679.0,50342.0
05145,52930.0,42844.0,42270.0
06001,95429.0,89979.0,102125.0
06007,57473.0,45177.0,51652.0
06013,102019.0,91045.0,101618.0
06017,89326.0,75772.0,82742.0
06019,59314.0,48715.0,52629.0
06023,53908.0,43130.0,50294.0
06025,51780.0,49095.0,48984.0
06029,63091.0,49903.0,51579.0
06031,63204.0,53234.0,61663.0
06033,45352.0,42029.0,48554.0
06037,77581.0,61338.0,68093.0
06039,56024.0,51657.0,56305.0
06041,137575.0,103845.0,126373.0
06045,52826.0,43809.0,51830.0
06047,57643.0,47739.0,57745.0
06053,76172.0,63876.0,70681.0
06055,91295.0,75077.0,87025.0
06057,75255.0,59022.0,66299.0
06059,98072.0,81837.0,89759.0
06061,88182.0,85426.0,88592.0
06065,69066.0,60134.0,66964.0
06067,69662.0,59780.0,69767.0
06071,64746.0,56337.0,63857.0
06073,81326.0,70824.0,79079.0
06075,107259.0,103801.0,112376.0
06077,67885.0,59518.0,64119.0
06079,78744.0,70564.0,71148.0
06081,119467.0,108627.0,124425.0
06083,83192.0,67436.0,77472.0
06085,119200.0,111069.0,126606.0
06087,91901.0,77613.0,86941.0
06089,59410.0,46724.0,56280.0
06095,78619.0,73900.0,84395.0
06097,81555.0,73929.0,81395.0
06099,62037.0,54305.0,60321.0
06101,66209.0,51397.0,59121.0
06107,55215.0,45881.0,48817.0
06111,94173.0,80135.0,84566.0
06113,74133.0,64904.0,68670.0
06115,55440.0,49259.0,46574.0
08001,66001.0,66033.0,70743.0
08005,82230.0,70950.0,76768.0
08013,92308.0,74615.0,83755.0
08031,74611.0,61105.0,68377.0
08035,116538.0,109292.0,119615.0
08041,72975.0,63882.0,68119.0
08059,85143.0,74186.0,85890.0
08069,74062.0,66469.0,71091.0
08077,62360.0,48846.0,49848.0
08101,52711.0,44677.0,48468.0
08123,70556.0,63400.0,75938.0
09001,131645.0,90123.0,91079.0
09003,84018.0,69433.0,73151.0
09005,84669.0,76993.0,76043.0
09007,95846.0,79739.0,89131.0
09009,78525.0,66176.0,67845.0
09011,84060.0,70699.0,67197.0
09013,90327.0,81252.0,91646.0
09015,68533.0,61608.0,65765.0
10001,65595.0,54140.0,54419.0
10003,81048.0,67274.0,69479.0
10005,64093.0,57734.0,60277.0
11001,102160.0,75506.0,85203.0
12001,61773.0,45304.0,51241.0
12005,57988.0,49157.0,52107.0
12009,62164.0,51184.0,57888.0
12011,69004.0,54212.0,57278.0
12015,55576.0,44200.0,52927.0
12017,51172.0,39206.0,39964.0
12019,68894.0,56315.0,61825.0
12021,88799.0,61228.0,69867.0
12023,49302.0,42019.0,48848.0
12031,60414.0,51980.0,55832.0
12033,56545.0,44788.0,51050.0
12035,58680.0,49395.0,58963.0
12053,46909.0,47253.0,45977.0
12055,45257.0,36490.0,39796.0
12057,67014.0,54588.0,58480.0
12061,70373.0,49072.0,57508.0
12069,56247.0,50226.0,52096.0
12071,64904.0,52909.0,56129.0
12073,62949.0,51107.0,50682.0
12081,67256.0,51748.0,59956.0
12083,50312.0,39383.0,44576.0
12085,74571.0,54620.0,59978.0
12086,63863.0,45935.0,52205.0
12087,85017.0,65717.0,71973.0
12089,76810.0,71515.0,63913.0
12091,65871.0,60026.0,63997.0
12095,63886.0,51335.0,58588.0
12097,53207.0,51436.0,50546.0
12099,78043.0,57580.0,61691.0
12101,56971.0,46264.0,54208.0
12103,63873.0,50036.0,52198.0
12105,53669.0,46355.0,51670.0
12107,45637.0,38239.0,41608.0
12109,91377.0,78581.0,80712.0
12111,58531.0,44804.0,54098.0
12113,75494.0,63619.0,70787.0
12115,69672.0,54989.0,61683.0
12117,72815.0,61311.0,67470.0
12119,59485.0,54562.0,53895.0
12127,54251.0,45366.0,50361.0
13013,59585.0,54256.0,61225.0
13015,55870.0,51405.0,57380.0
13021,52537.0,36724.0,40495.0
13031,50390.0,43982.0,44179.0
13045,56559.0,51228.0,51545.0
13047,52813.0,55717.0,56364.0
13051,60747.0,53964.0,55308.0
13057,83660.0,77950.0,82069.0
13059,50725.0,34999.0,42232.0
13063,47587.0,45252.0,46646.0
13067,83190.0,70947.0,78894.0
13073,84814.0,72737.0,82024.0
13077,71202.0,71220.0,69240.0
13089,71602.0,56109.0,64461.0
13095,49030.0,37222.0,39659.0
13097,62877.0,62445.0,60829.0
13113,100760.0,80626.0,93468.0
13115,49560.0,49865.0,38462.0
13117,103341.0,100909.0,104687.0
13121,89648.0,63510.0,70930.0
13127,65139.0,48926.0,55196.0
13135,74037.0,67155.0,72184.0
13139,63528.0,54917.0,61699.0
13151,65846.0,66905.0,73541.0
13153,66444.0,62493.0,58965.0
13179,51769.0,45138.0,
13185,52511.0,41449.0,34886.0
13215,60244.0,40060.0,47288.0
13217,60187.0,48628.0,57344.0
13223,66779.0,60856.0,73084.0
13245,50099.0,41419.0,39413.0
13247,61032.0,56820.0,61222.0
13285,57509.0,42371.0,44260.0
13295,50074.0,39209.0,42609.0
13297,62296.0,53202.0,66640.0
13313,52402.0,46399.0,45028.0
15001,65097.0,55750.0,57571.0
15003,86582.0,80513.0,84423.0
15007,72492.0,71344.0,80921.0
15009,78500.0,72257.0,82885.0
16001,69768.0,61301.0,66405.0
16005,54877.0,48429.0,50748.0
16019,65598.0,59706.0,58729.0
16027,49836.0,48437.0,53374.0
16055,58105.0,51765.0,55236.0
16083,53651.0,51210.0,51196.0
17001,58933.0,51624.0,56699.0
17019,62088.0,50335.0,52725.0
17031,75594.0,60046.0,63353.0
17037,58641.0,59285.0,63085.0
17043,101499.0,84908.0,93750.0
17089,84032.0,73347.0,79818.0
17091,62856.0,54911.0,51404.0
17093,91966.0,90482.0,89862.0
17097,106303.0,83152.0,87133.0
17099,60779.0,57476.0,51838.0
17111,88375.0,81063.0,85275.0
17113,76125.0,62156.0,66256.0
17115,58049.0,46198.0,50066.0
17119,65166.0,56035.0,59987.0
17143,64500.0,51975.0,56138.0
17161,61972.0,50948.0,52148.0
17163,61301.0,50267.0,59141.0
17167,69140.0,53782.0,61997.0
17179,71566.0,60152.0,60857.0
17183,52242.0,45481.0,43655.0
17197,87824.0,81438.0,85818.0
17199,57320.0,48409.0,43568.0
17201,61311.0,49749.0,53345.0
18003,62638.0,51173.0,54260.0
18005,66358.0,59102.0,62047.0
18019,59047.0,51401.0,56307.0
18035,47844.0,41041.0,41662.0
18039,57735.0,54216.0,58350.0
18043,70576.0,58586.0,66391.0
18053,50461.0,37117.0,44839.0
18057,104580.0,89823.0,100209.0
18059,75186.0,67799.0,71653.0
18063,80063.0,78307.0,80582.0
18067,53316.0,45702.0,55868.0
18081,75349.0,65991.0,68209.0
18085,64290.0,53963.0,55253.0
18089,61266.0,53681.0,55154.0
18091,57508.0,53507.0,51584.0
18095,52297.0,45495.0,49615.0
18097,56605.0,44874.0,47780.0
18105,56397.0,43582.0,47369.0
18109,62667.0,60530.0,68338.0
18127,72379.0,66196.0,66476.0
18141,59218.0,48358.0,54434.0
18157,58083.0,51361.0,50256.0
18163,57064.0,46064.0,50325.0
18167,56668.0,43910.0,48961.0
18177,46434.0,43401.0,44928.0
19013,58848.0,50470.0,51920.0
19049,90961.0,75899.0,83990.0
19061,63391.0,60456.0,60225.0
19103,69760.0,58064.0,63035.0
19113,72714.0,64639.0,64103.0
19153,73101.0,64067.0,68291.0
19155,63155.0,55972.0,55376.0
19163,71363.0,54730.0,58175.0
19169,60560.0,53371.0,54586.0
19193,53452.0,52324.0,61516.0
20015,73096.0,60182.0,64898.0
20045,65658.0,56345.0,54668.0
20091,96437.0,80553.0,86746.0
20103,72638.0,68299.0,71071.0
20161,54401.0,50737.0,44697.0
20173,63316.0,52193.0,55882.0
20177,61685.0,55710.0,52104.0
20209,47457.0,43129.0,47285.0
21015,77650.0,72374.0,77429.0
21029,65425.0,65359.0,58119.0
21037,69904.0,62536.0,59524.0
21047,47321.0,41140.0,38448.0
21059,54659.0,51764.0,50934.0
21067,67961.0,53178.0,54896.0
21093,61135.0,52148.0,50981.0
21111,63536.0,51991.0,55851.0
21117,65583.0,62182.0,64441.0
21145,57785.0,39048.0,47764.0
21151,51179.0,43840.0,52047.0
21195,45221.0,,
21227,53554.0,46686.0,53601.0
22005,73034.0,76581.0,79495.0
22015,68244.0,48163.0,55922.0
22017,61321.0,37104.0,39077.0
22019,59070.0,45962.0,49113.0
22033,68213.0,50508.0,52947.0
22045,64189.0,41424.0,42994.0
22051,62419.0,49678.0,50766.0
22055,70640.0,49969.0,60071.0
22057,60675.0,51772.0,50296.0
22063,64787.0,56534.0,64067.0
22071,59423.0,38681.0,38423.0
22073,54785.0,37275.0,44059.0
22079,53839.0,42582.0,49175.0
22097,50321.0,31207.0,32867.0
22103,76425.0,64639.0,65392.0
22105,51098.0,48162.0,48205.0
22109,65866.0,46026.0,52820.0
23001,60903.0,49081.0,49697.0
23003,48183.0,39450.0,38233.0
23005,75107.0,65913.0,72452.0
23011,59889.0,51573.0,51653.0
23019,53416.0,47328.0,47217.0
23031,67865.0,60863.0,66614.0
24001,53361.0,45606.0,42068.0
24003,107192.0,96483.0,97814.0
24005,82644.0,72764.0,76182.0
24009,101395.0,98732.0,107884.0
24013,92398.0,90343.0,97430.0
24015,72307.0,74221.0,74452.0
24017,104076.0,95735.0,94368.0
24021,96263.0,90043.0,95850.0
24025,89591.0,84175.0,88603.0
24027,131345.0,120941.0,116984.0
24031,128217.0,99763.0,108188.0
24033,85281.0,79184.0,83034.0
24037,101264.0,78195.0,92250.0
24043,66169.0,54250.0,63126.0
24045,64167.0,50844.0,57249.0
24510,55699.0,47350.0,51000.0
25001,80444.0,67898.0,68902.0
25003,62757.0,58418.0,60476.0
25005,69655.0,66027.0,66205.0
25009,91908.0,73901.0,76604.0
25011,67335.0,57106.0,59248.0
25013,65409.0,51544.0,52372.0
25015,74589.0,64354.0,76966.0
25017,109773.0,95249.0,100517.0
25021,109630.0,92696.0,100356.0
25023,92803.0,82087.0,90484.0
25025,76164.0,61796.0,69985.0
25027,79867.0,69295.0,71853.0
26005,62955.0,57846.0,61353.0
26017,54907.0,44756.0,50606.0
26021,56877.0,47083.0,51262.0
26025,52258.0,45902.0,47204.0
26037,75783.0,65730.0,69522.0
26045,64410.0,56211.0,67195.0
26049,53282.0,43955.0,48127.0
26055,65394.0,58532.0,66163.0
26065,59273.0,49139.0,52691.0
26073,55715.0,41868.0,46198.0
26075,54308.0,50009.0,51031.0
26077,60758.0,53138.0,55416.0
26081,66712.0,59668.0,61537.0
26087,61448.0,54309.0,65561.0
26091,56429.0,51918.0,55378.0
26093,85802.0,78038.0,82884.0
26099,66005.0,60143.0,62107.0
26103,54564.0,51275.0,54779.0
26111,70777.0,57269.0,56091.0
26115,62064.0,60799.0,61916.0
26121,52064.0,44264.0,50080.0
26125,88380.0,71920.0,80193.0
26139,68415.0,64513.0,69952.0
26145,52103.0,45849.0,48990.0
26147,58547.0,51864.0,56441.0
26155,53552.0,53244.0,54456.0
26159,53585.0,47917.0,59295.0
26161,79024.0,65601.0,71860.0
26163,54883.0,43464.0,46390.0
27003,80465.0,76533.0,82492.0
42043,67318.0,60331.0,57814.0
42045,85160.0,67950.0,72045.0
42049,61074.0,48964.0,48007.0
42051,51273.0,43140.0,52984.0
42055,63111.0,60559.0,61208.0
42063,54605.0,42962.0,49448.0
42069,57422.0,47475.0,53302.0
42071,68433.0,61335.0,66277.0
42073,55029.0,46918.0,47853.0
42075,61910.0,57248.0,61362.0
42077,69488.0,60498.0,62278.0
42079,57183.0,46580.0,54433.0
42081,56198.0,49052.0,55045.0
42085,54724.0,49890.0,48847.0
42089,67588.0,60095.0,64170.0
42091,103201.0,84113.0,90122.0
42095,72336.0,66438.0,68591.0
42097,52061.0,47736.0,47160.0
42101,53088.0,41449.0,46116.0
42107,55310.0,50684.0,48458.0
42111,57152.0,43871.0,50988.0
42125,71155.0,57998.0,63251.0
42129,63866.0,56722.0,58471.0
42133,67679.0,62462.0,65239.0
44003,74767.0,63101.0,68994.0
44005,85672.0,73596.0,83822.0
44007,65158.0,52369.0,56461.0
44009,88164.0,77813.0,89847.0
45003,61047.0,45945.0,51932.0
45007,54882.0,45090.0,51699.0
45013,77906.0,65919.0,65607.0
45015,64589.0,59153.0,62994.0
45019,70877.0,56827.0,63459.0
45031,43781.0,36841.0,33521.0
45035,64326.0,57637.0,66438.0
45041,58827.0,46524.0,48790.0
45045,66756.0,55342.0,61183.0
45047,53204.0,38200.0,42245.0
45051,53603.0,45621.0,49047.0
45057,56033.0,56216.0,57224.0
45059,47363.0,44038.0,41452.0
45063,65019.0,57382.0,60154.0
45073,60250.0,43743.0,47132.0
45075,42870.0,32450.0,36536.0
45077,50157.0,45779.0,47148.0
45079,63796.0,52030.0,52159.0
45083,51901.0,47371.0,53581.0
45085,52151.0,40614.0,45994.0
45091,68194.0,60767.0,64319.0
46099,63296.0,60038.0,58742.0
46103,64765.0,50950.0,59006.0
47001,54575.0,46055.0,50616.0
47009,58799.0,51183.0,58809.0
47011,50965.0,44853.0,50560.0
47037,64256.0,54855.0,60856.0
47059,47621.0,41109.0,47383.0
47065,66062.0,47898.0,57280.0
47093,63374.0,52102.0,55632.0
47113,55442.0,41791.0,45360.0
47119,55347.0,50591.0,53794.0
47125,57973.0,56112.0,56019.0
47141,48392.0,37437.0,45199.0
47147,66150.0,60423.0,69079.0
47149,65285.0,61157.0,63739.0
47155,52766.0,45609.0,47411.0
47157,63851.0,47690.0,47500.0
47163,54824.0,42859.0,44652.0
47165,72544.0,60503.0,65948.0
47179,60409.0,46276.0,48765.0
47187,119987.0,106054.0,110700.0
47189,71382.0,71153.0,76756.0
48005,57960.0,41161.0,47519.0
48021,69392.0,56508.0,69067.0
48027,62007.0,52275.0,54495.0
48029,66822.0,53210.0,54149.0
48037,53841.0,45997.0,47134.0
48039,81695.0,74799.0,73623.0
48041,57618.0,41559.0,50110.0
48061,45975.0,37061.0,38378.0
48085,102819.0,89638.0,96051.0
48091,77744.0,77425.0,76203.0
48099,60048.0,51125.0,46131.0
48113,69495.0,54399.0,59839.0
48121,89794.0,80613.0,88117.0
48135,64801.0,53254.0,64165.0
48139,70121.0,70210.0,77794.0
48141,55089.0,42165.0,43958.0
48157,105422.0,90680.0,91931.0
48167,79881.0,64939.0,73840.0
48181,60727.0,52095.0,51158.0
48183,58778.0,44219.0,51361.0
48187,73831.0,68157.0,74459.0
48201,76381.0,56377.0,60232.0
48203,56880.0,46548.0,50561.0
48209,75120.0,64658.0,65943.0
48213,51177.0,44088.0,42020.0
48215,48970.0,36176.0,39165.0
48231,54928.0,53962.0,55248.0
48245,58989.0,45390.0,47177.0
48251,66109.0,59895.0,62390.0
48257,70022.0,62033.0,66668.0
48291,61670.0,42877.0,51955.0
48303,59805.0,49136.0,50505.0
48309,55708.0,46860.0,48713.0
48329,88809.0,65349.0,81210.0
48339,90791.0,71123.0,76929.0
48347,47450.0,35562.0,46459.0
48355,63463.0,54318.0,54560.0
48361,63090.0,53480.0,56420.0
48367,84256.0,66548.0,72004.0
48375,48773.0,42305.0,40797.0
48381,68005.0,67015.0,70108.0
48397,103825.0,95731.0,100595.0
48409,63262.0,53348.0,55018.0
48423,63318.0,52572.0,58226.0
48439,74982.0,61534.0,66063.0
48441,61157.0,48803.0,47508.0
48451,57720.0,48696.0,52283.0
48453,82317.0,70158.0,76392.0
48469,66646.0,53778.0,50210.0
48471,55301.0,42662.0,40100.0
48479,49932.0,35659.0,46862.0
48485,62102.0,44769.0,47373.0
48491,80863.0,81818.0,87454.0
49005,60735.0,58003.0,59248.0
49011,81154.0,76905.0,84358.0
49035,75556.0,68665.0,73801.0
49049,71964.0,69799.0,75349.0
49053,57883.0,55056.0,56333.0
49057,63678.0,63158.0,68669.0
50007,79430.0,68843.0,75852.0
51003,100459.0,71975.0,78584.0
51013,127539.0,110388.0,122394.0
51015,59668.0,55342.0,59820.0
51019,70860.0,56479.0,64084.0
51041,85634.0,76059.0,80655.0
51059,138039.0,115717.0,122227.0
51061,103593.0,94347.0,92145.0
51069,78735.0,69827.0,80953.0
51085,85907.0,83135.0,91309.0
51087,79292.0,66337.0,68069.0
51095,96058.0,83455.0,83190.0
51107,137993.0,134464.0,139915.0
51121,60051.0,55706.0,51932.0
51153,111101.0,97986.0,107925.0
51161,73856.0,60454.0,68595.0
51165,61843.0,57755.0,61199.0
51177,88007.0,81146.0,88431.0
51179,111411.0,97484.0,110307.0
51199,87555.0,89418.0,83593.0
51510,110919.0,87920.0,101215.0
51550,79560.0,72928.0,80265.0
51650,62339.0,50435.0,55466.0
51680,52602.0,41264.0,42389.0
51700,59589.0,50524.0,50180.0
51710,60955.0,46467.0,49587.0
51740,54717.0,48516.0,47919.0
51760,57898.0,42373.0,48987.0
51770,51118.0,37044.0,42711.0
51800,77578.0,66669.0,71829.0
51810,79970.0,71117.0,77059.0
53005,77448.0,62508.0,68115.0
53007,63120.0,52080.0,57132.0
53009,52767.0,48587.0,59001.0
53011,71641.0,69062.0,74060.0
53015,56419.0,50637.0,59225.0
53021,63197.0,57670.0,60012.0
53025,53161.0,48335.0,53057.0
53027,55606.0,49623.0,48255.0
53029,73902.0,64813.0,64793.0
53033,94311.0,86095.0,95009.0
53035,74776.0,69171.0,76945.0
53041,55484.0,45523.0,61058.0
53053,71034.0,64434.0,75407.0
53057,64690.0,60983.0,73206.0
53061,79961.0,78716.0,87440.0
53063,61352.0,53043.0,59783.0
53067,70077.0,65783.0,72703.0
53073,67461.0,56411.0,62268.0
53077,56919.0,48965.0,51555.0
54003,66381.0,57357.0,59328.0
54011,51865.0,38823.0,38162.0
54033,53208.0,47204.0,46569.0
54039,64324.0,45001.0,41141.0
54061,62196.0,50953.0,50834.0
54081,52578.0,45863.0,39122.0
54107,53903.0,48655.0,43563.0
55009,69007.0,57783.0,61651.0
55025,77187.0,70796.0,71582.0
55027,60915.0,55856.0,63077.0
55035,61880.0,49821.0,60475.0
55039,62748.0,58310.0,57415.0
55055,64454.0,58703.0,65651.0
55059,67263.0,59417.0,65330.0
55063,61247.0,54823.0,60905.0
55071,57722.0,51752.0,54393.0
55073,71783.0,54774.0,62890.0
55079,57511.0,47607.0,49636.0
55087,73505.0,61149.0,64759.0
55089,99473.0,84415.0,81104.0
55097,59934.0,53655.0,57452.0
55101,66966.0,55706.0,59759.0
55105,58126.0,50729.0,57037.0
55109,84048.0,72865.0,81453.0
55117,62852.0,54059.0,60896.0
55127,65618.0,58302.0,63800.0
55131,82349.0,73502.0,73435.0
55133,89829.0,81878.0,86968.0
55139,65242.0,56754.0,56589.0
55141,57314.0,51887.0,55273.0
56021,70147.0,62221.0,64306.0
56025,68936.0,59474.0,64833.0
72013,24775.0,18516.0,18360.0
72025,36697.0,24198.0,27714.0
72031,36302.0,28055.0,25189.0
72061,50889.0,32240.0,36309.0
72113,24741.0,17454.0,17906.0
72127,38714.0,22727.0,23012.0
72135,39841.0,26171.0,26358.0
72137,30420.0,23560.0,25504.0
72139,42046.0,33122.0,31078.0
72021,31496.0,24128.0,24873.0
72097,23185.0,14532.0,11940.0
08014,,84349.0,95800.0
12131,,56246.0,62914.0
38101,,62573.0,65719.0
39009,,36193.0,36944.0
21185,,90341.0,102033.0
27131,,69135.0,65839.0
30049,,63475.0,65241.0
13157,,,73150.0
49045,,,72906.0
53045,,,58094.0
37069,,,60598.0
18011,,,81145.0
13255,,,42920.0
45055,,,51467.0
48497,,,69040.0
