FIPS,Household Median Income,Margin of Error
01001,58786,2972
01003,55962,1204
01005,34186,2552
01007,45340,5618
01009,48695,2703
01011,32152,10285
01013,39109,2026
01015,45197,1578
01017,39872,2347
01019,41014,1931
01021,45182,3184
01023,34884,2927
01025,36127,4237
01027,41225,4334
01029,40188,4625
01031,53155,2474
01033,47558,2607
01035,33177,2481
01037,38301,3436
01039,40601,1923
01041,39812,2817
01043,42558,1523
01045,45960,2816
01047,31602,1447
01049,39233,2081
01051,59347,2721
01053,35000,3118
01055,44023,1776
01057,37458,3109
01059,40459,2822
01061,38142,3168
01063,21804,4672
01065,30571,4241
01067,48610,3806
01069,45496,941
01071,39816,1602
01073,51979,687
01075,36756,2887
01077,46265,1490
01079,44515,2491
01081,48056,1506
01083,56460,3118
01085,30833,3373
01087,32074,2430
01089,63417,1447
01091,32809,3613
01093,35392,3171
01095,42490,1703
01097,46166,1129
01099,30141,4709
01101,47990,1315
01103,49751,2001
01105,23561,2573
01107,37458,3062
01109,34678,3262
01111,41449,3941
01113,40978,2192
01115,54887,2057
01117,75761,1348
01119,23132,2361
01121,41012,1513
01123,43361,3489
01125,52221,1240
01127,41748,1803
01129,40794,3442
01131,27237,4033
01133,38504,3600
02013,69706,4788
02016,85517,3718
02020,83280,1770
02050,54212,2972
02060,84688,10676
02068,84196,7160
02070,58750,4339
02090,77095,2705
02100,64342,19415
02105,63603,6054
02110,88213,3956
02122,66684,2674
02130,70356,3342
02150,78281,9886
02158,35539,3260
02164,46406,5186
02170,75905,1736
02180,58987,3166
02185,75431,13210
02188,62949,3677
02195,66907,2820
02198,54191,2561
02220,71534,4048
02230,72237,5731
02240,71541,6871
02261,82306,5784
02275,57583,7200
02282,65833,9645
02290,40000,2340
04001,32963,1614
04003,48649,1372
04005,57616,1629
04007,42092,1810
04009,51352,2134
04011,60962,3549
04012,33333,5547
04013,61606,305
04015,43266,1301
04017,40054,1508
04019,51037,502
04021,55550,944
04023,40467,2823
04025,50180,1188
04027,44058,1027
05001,39466,2862
05003,39635,2381
05005,41481,1723
05007,64141,973
05009,43262,1685
05011,39510,1964
05013,44022,5407
05015,43505,2576
05017,33051,2405
05019,39752,3177
05021,33935,3014
05023,43391,3877
05025,42460,5180
05027,36148,2798
05029,41196,3290
05031,45868,1769
05033,46619,1940
05035,39002,3326
05037,43838,3033
05039,36628,4304
05041,30234,3199
05043,43014,6583
05045,51930,2657
05047,39463,2378
05049,36184,3839
05051,43146,1686
05053,51920,3608
05055,47497,2882
05057,41355,3621
05059,41262,1831
05061,35900,4446
05063,43523,2344
05065,40218,3817
05067,33174,2693
05069,38289,2040
05071,37170,1845
05073,32412,3163
05075,38528,2394
05077,28367,5453
05079,45166,10567
05081,45388,4435
05083,39748,2062
05085,57509,2386
05087,43891,3623
05089,35518,3067
05091,41903,1899
05093,37237,1966
05095,35190,6580
05097,37855,4283
05099,37635,4786
05101,39896,6153
05103,34887,2524
05105,46071,6434
05107,29263,3332
05109,37406,4126
05111,39277,2374
05113,37035,1890
05115,41914,2119
05117,41846,2815
05119,50093,1057
05121,36870,2599
05123,35356,2573
05125,62152,2102
05127,35509,4950
05129,36390,3678
05131,43240,1558
05133,46667,3229
05135,33708,3260
05137,36162,3184
05139,44000,2866
05141,36897,2259
05143,49629,1197
05145,43822,2407
05147,31023,3645
05149,42361,2804
06001,92574,1023
06003,64688,12933
06005,61198,3241
06007,48443,1477
06009,58151,3310
06011,56704,4501
06013,93712,926
06015,45258,5035
06017,80582,2117
06019,51261,808
06021,47395,3209
06023,45528,1359
06025,45834,1861
06027,52874,3230
06029,52479,729
06031,53865,2352
06033,42475,2511
06035,56362,1943
06037,64251,247
06039,52884,1923
06041,110217,3332
06043,51199,3487
06045,49233,2356
06047,50129,1671
06049,45149,5555
06051,63018,5826
06053,66676,1234
06055,84753,2198
06057,63240,1916
06059,85398,719
06061,84357,1469
06063,53270,3391
06065,63948,454
06067,63902,512
06069,81977,4226
06071,60164,626
06073,74855,578
06075,104552,1533
06077,61145,1022
06079,70699,1500
06081,113776,1672
06083,71657,1476
06085,116178,938
06087,78041,1462
06089,50905,1445
06091,48125,7465
06093,44200,2158
06095,77609,1309
06097,76753,1039
06099,57387,1316
06101,56955,2206
06103,42899,2347
06105,38497,4689
06107,47518,1141
06109,56493,3992
06111,84017,1199
06113,65923,2023
06115,52624,2827
08001,67575,991
08003,39191,4112
08005,73925,902
08007,50753,5030
08009,37500,2954
08011,34392,6115
08013,78642,1583
08014,89624,4013
08015,54580,3158
08017,55227,5083
08019,69936,4503
08021,34746,3572
08023,30593,3298
08025,37586,5569
08027,44644,9674
08029,44512,3534
08031,63793,757
08033,41714,7892
08035,115314,2028
08037,84685,4478
08039,96658,4279
08041,65334,786
08043,46296,2175
08045,72898,3801
08047,75120,6107
08049,70469,6695
08051,54979,3938
08053,52188,11724
08055,36705,3945
08057,48828,8122
08059,78943,1142
08061,39784,3824
08063,51046,4399
08065,46918,4775
08067,64372,2658
08069,67664,1346
08071,41945,3628
08073,49423,6527
08075,48922,4300
08077,53683,1202
08079,61058,4934
08081,52807,6292
08083,46797,4106
08085,48739,2573
08087,51626,2649
08089,34136,2884
08091,62230,7410
08093,66861,6419
08095,50724,6930
08097,71244,5939
08099,40097,2720
08101,44634,1315
08103,55543,4275
08105,38639,2097
08107,74273,3839
08109,34410,5288
08111,46563,9920
08113,64478,4771
08115,45188,6445
08117,77589,4772
08119,65382,5275
08121,49375,4796
08123,70908,1339
08125,48394,3103
09001,92969,1158
09003,72321,966
09005,78314,1991
09007,84761,2066
09009,67128,912
09011,71368,1434
09013,84916,1844
09015,64774,1681
10001,58775,1756
10003,70996,1098
10005,60853,1224
11001,82604,1081
12001,49078,1416
12003,61769,5722
12005,51829,1358
12007,46197,5603
12009,54359,842
12011,57333,578
12013,38609,2264
12015,49225,979
12017,41424,1281
12019,62653,2097
12021,65675,1598
12023,44491,3128
12027,35057,2284
12029,38237,2882
12031,53473,609
12033,49286,974
12035,53872,1465
12037,42855,5298
12039,40922,2788
12041,42357,3068
12043,39879,2947
12045,44291,4298
12047,34583,5887
12049,37594,3486
12051,40728,2333
12053,46030,925
12055,37314,1444
12057,56137,604
12059,38608,3326
12061,52336,1202
12063,39002,2199
12065,48173,8083
12067,39543,12393
12069,51884,1233
12071,54691,759
12073,51201,978
12075,37634,1760
12077,37363,4408
12079,35509,2374
12081,56036,1101
12083,43361,929
12085,57959,1925
12086,48982,492
12087,67023,2323
12089,66297,2668
12091,62048,1837
12093,40367,2024
12095,54335,575
12097,50063,1465
12099,59943,632
12101,50417,868
12103,51454,539
12105,48500,709
12107,35649,1475
12109,77323,2318
12111,49373,1326
12113,66242,2140
12115,58644,1090
12117,63760,1153
12119,55228,2011
12121,42686,4513
12123,36934,5018
12125,41770,2853
12127,46760,849
12129,62778,2792
12131,53785,2765
12133,37188,3125
13001,39561,4417
13003,34877,2829
13005,36964,5201
13007,37188,11467
13009,39426,2595
13011,45373,3513
13013,57348,2073
13015,55452,2276
13017,32705,2957
13019,37163,3951
13021,39931,1562
13023,45029,5887
13025,37031,4019
13027,34322,5782
13029,71322,6076
13031,41789,1849
13033,42773,2338
13035,41845,2514
13037,31725,4042
13039,56397,2166
13043,32937,5058
13045,49608,2264
13047,55125,1936
13049,40283,4312
13051,54911,1174
13053,46453,5902
13055,36107,1896
13057,79670,1911
13059,36889,1693
13061,25000,4298
13063,45778,1197
13065,25236,7550
13067,75153,936
13069,38266,2489
13071,35472,1945
13073,76938,2271
13075,38408,4274
13077,70717,2225
13079,43257,3965
13081,35096,3062
13083,44471,4469
13085,65805,5350
13087,39148,2377
13089,59280,920
13091,35757,3008
13093,35629,4672
13095,37633,1632
13097,62147,1953
13099,31567,4977
13101,34447,4234
13103,65153,3058
13105,37943,2933
13107,34946,2845
13109,39701,4130
13111,45647,4013
13113,87272,3332
13115,46367,1732
13117,101743,2005
13119,40198,3422
13121,64787,809
13123,49389,4701
13125,41686,3953
13127,50672,2016
13129,44313,2530
13131,42348,4301
13133,49755,3969
13135,67769,1111
13137,49140,2426
13139,59898,1521
13141,31984,3016
13143,46353,3132
13145,74261,5550
13147,41358,3440
13149,48094,3718
13151,68609,1427
13153,58770,2272
13155,32339,7020
13157,62495,1852
13159,43284,5147
13161,36531,4084
13163,34300,3596
13165,27311,4316
13167,39813,3957
13169,53155,4716
13171,41464,5554
13173,39104,7866
13175,37369,1671
13177,65420,5625
13179,45959,1865
13181,41014,6098
13183,55439,3560
13185,41390,1499
13187,47488,3535
13189,39199,6752
13191,47114,3815
13193,31999,2884
13195,51701,3311
13197,44309,7123
13199,36351,3039
13201,42927,5168
13205,37027,4098
13207,54050,2837
13209,40728,3459
13211,62530,3826
13213,45238,3943
13215,45389,1085
13217,53309,2381
13219,88308,3682
13221,44927,2995
13223,66467,3103
13225,42802,3785
13227,64512,4909
13229,44167,4671
13231,58765,4618
13233,43491,2813
13235,38770,3756
13237,51245,4303
13239,30000,10407
13241,40902,2708
13243,30914,3707
13245,40644,1033
13247,57049,1761
13249,41276,3478
13251,37588,2973
13253,34338,2976
13255,42671,2135
13257,43416,4330
13259,25385,6906
13261,36205,2240
13263,36213,3428
13265,31797,4707
13267,38034,2534
13269,33442,4449
13271,30288,3006
13273,38015,4507
13275,40112,2153
13277,42790,2827
13279,36575,3788
13281,43927,4762
13283,37606,8270
13285,43850,2033
13287,38341,6293
13289,33037,3723
13291,44978,5593
13293,36529,3721
13295,43650,2246
13297,58370,2355
13299,39887,4167
13301,34730,3222
13303,38092,3776
13305,44869,3467
13307,35755,4641
13309,27626,4900
13311,46288,3932
13313,46970,2899
13315,36077,5131
13317,35106,4153
13319,37583,3787
13321,46076,4067
15001,59297,1896
15003,82906,756
15005,61875,14875
15007,78482,3257
15009,77117,2267
16001,63137,840
16003,45319,4203
16005,49739,1696
16007,54265,4379
16009,46507,4248
16011,51288,1923
16013,51968,5858
16015,53942,8200
16017,48710,2285
16019,56609,1503
16021,43507,6142
16023,42250,10084
16025,38393,9114
16027,49143,1598
16029,59611,5580
16031,50918,1991
16033,35341,14453
16035,42348,3200
16037,39957,7851
16039,46715,2094
16041,56613,3135
16043,53311,4172
16045,43001,2484
16047,48638,6438
16049,39113,3527
16051,60162,2732
16053,49306,2678
16055,54457,1455
16057,45466,2349
16059,37921,4471
16061,41326,1580
16063,48222,2457
16065,36031,3011
16067,50663,3790
16069,54174,3282
16071,51058,12790
16073,40430,3790
16075,50289,3560
16077,49985,8926
16079,39091,3291
16081,68818,8625
16083,50778,1784
16085,55299,6674
16087,37206,3857
17001,51398,1583
17003,34709,3017
17005,58097,5803
17007,66898,4955
17009,58762,2302
17011,55940,2114
17013,54392,6158
17015,51228,3421
17017,51997,2526
17019,51692,1225
17021,52415,2072
17023,54158,3644
17025,48691,3604
17027,65010,3226
17029,44071,3008
17031,62088,368
17033,49233,2101
17035,53376,3402
17037,61086,1996
17039,55591,4243
17041,54218,1737
17043,88711,938
17045,51109,4048
17047,49766,2324
17049,56293,3135
17051,44432,2826
17053,51120,2513
17055,41414,1698
17057,50180,2198
17059,42500,3799
17061,46052,2385
17063,74140,2712
17065,56862,4069
17067,51549,2030
17069,43081,6298
17071,52712,3262
17073,57250,2395
17075,51825,2670
17077,37802,2222
17079,54951,3464
17081,47617,2804
17083,56747,3388
17085,57083,2289
17087,50923,3303
17089,76912,1214
17091,57981,1451
17093,91764,3050
17095,43709,1897
17097,86244,1199
17099,56243,1366
17101,45654,3655
17103,57901,2678
17105,56200,3116
17107,57899,2733
17109,43724,3039
17111,84803,1730
17113,65813,1540
17115,50444,1467
17117,53778,2295
17119,57890,1377
17121,46102,1606
17123,55901,3261
17125,45596,2976
17127,42604,3994
17129,69102,5243
17131,58011,2218
17133,81268,5031
17135,50304,2160
17137,48508,2722
17139,59623,4609
17141,59707,1963
17143,54770,1331
17145,48298,4514
17147,69271,3117
17149,42664,2354
17151,40671,11198
17153,33799,3265
17155,65034,4231
17157,52107,2247
17159,48724,3352
17161,52630,1218
17163,53681,1252
17165,41167,2422
17167,60466,1316
17169,46151,4089
17171,53973,4910
17173,51157,1581
17175,52260,4203
17177,48016,1535
17179,62342,1448
17181,49182,2441
17183,45384,1686
17185,51432,4777
17187,49607,3625
17189,59469,3085
17191,49764,2309
17193,47773,3108
17195,53828,2296
17197,83504,820
17199,49053,2034
17201,52743,803
17203,71867,2732
18001,51713,3626
18003,53402,720
18005,59045,2696
18007,46188,4001
18009,42217,2870
18011,80567,3143
18013,61455,4555
18015,56429,3058
18017,47545,2318
18019,54240,1189
18021,53021,2294
18023,52488,2916
18025,43875,4851
18027,51032,2118
18029,65096,2515
18031,54622,1928
18033,53808,2076
18035,42705,1457
18037,58994,3970
18039,55399,1260
18041,43317,2254
18043,61754,1792
18045,49887,2840
18047,58382,2930
18049,49333,3213
18051,52620,2726
18053,42593,1787
18055,49177,2746
18057,94644,2262
18059,73142,2186
18061,57132,3313
18063,78355,1631
18065,48235,1827
18067,50869,1938
18069,52208,1838
18071,49506,3494
18073,59574,2374
18075,44772,3006
18077,51119,2756
18079,49801,3944
18081,68712,2115
18083,46457,2124
18085,58402,1991
18087,60675,2948
18089,54249,720
18091,51101,1370
18093,52092,2964
18095,47436,1274
18097,46692,604
18099,54229,1733
18101,51224,3619
18103,47460,2030
18105,47075,1695
18107,53610,2718
18109,62462,1888
18111,53146,3168
18113,55033,2988
18115,61148,4376
18117,45341,3741
18119,48667,3749
18121,48788,4186
18123,51064,2558
18125,52527,2812
18127,68044,1777
18129,62583,3006
18131,48370,3970
18133,56169,2581
18135,45601,1885
18137,56295,2366
18139,50535,2767
18141,50938,1172
18143,47123,3243
18145,59214,3320
18147,56998,3103
18149,48895,2227
18151,56101,2154
18153,46517,3212
18155,47929,4007
18157,51844,1478
18159,55479,2947
18161,48227,3082
18163,46943,1167
18165,48377,2530
18167,43859,1170
18169,50637,1869
18171,61148,5411
18173,70648,2954
18175,47078,3538
18177,44228,1545
18179,56265,3748
18181,55086,2801
18183,61153,2213
19001,51859,2747
19003,49229,4027
19005,51057,4814
19007,41111,2506
19009,50397,3408
19011,65475,2555
19013,52688,1246
19015,61111,2181
19017,68023,3461
19019,61409,4096
19021,54556,2888
19023,55999,2104
19025,50800,2591
19027,57674,3499
19029,48178,3562
19031,65791,2054
19033,52902,1573
19035,54658,3742
19037,55385,3375
19039,51571,2506
19041,47874,4268
19043,52828,3652
19045,50156,2409
19047,53609,2350
19049,84790,2628
19051,58464,7129
19053,42614,2685
19055,61179,3973
19057,49977,1920
19059,58099,5435
19061,61321,1092
19063,48542,5719
19065,50015,1852
19067,48110,3133
19069,53742,2544
19071,54281,3367
19073,54050,4095
19075,66965,2197
19077,57075,2016
19079,56273,2351
19081,61167,2294
19083,53872,2095
19085,60063,2340
19087,52428,2594
19089,52742,3010
19091,52219,3709
19093,55969,4584
19095,58570,5894
19097,54070,3123
19099,55727,3204
19101,43378,3950
19103,61640,1417
19105,56012,2263
19107,51043,2573
19109,54146,2475
19111,48571,2923
19113,64862,1320
19115,53943,4249
19117,50206,3799
19119,64352,2639
19121,64512,4408
19123,52950,1915
19125,58492,2948
19127,54027,1407
19129,69177,3483
19131,55553,2948
19133,45252,3988
19135,49549,7537
19137,47648,4351
19139,57348,3178
19141,53045,2564
19143,58125,3501
19145,49974,3116
19147,52462,3337
19149,64296,3623
19151,49877,3151
19153,66044,1154
19155,57467,2306
19157,53520,3098
19159,52005,3870
19161,54958,2418
19163,58803,1385
19165,55489,5405
19167,67178,2517
19169,54554,1755
19171,55898,2672
19173,48717,2494
19175,47518,2998
19177,47083,3327
19179,45233,2444
19181,74383,2944
19183,61769,2815
19185,45017,3254
19187,44261,2199
19189,51002,2591
19191,62820,2110
19193,55483,1519
19195,54329,3368
19197,50198,3635
20001,42679,2726
20003,46274,6396
20005,48667,3855
20007,50613,5019
20009,50198,2734
20011,40733,1342
20013,48547,3785
20015,63272,2187
20017,46295,5387
20019,38690,2537
20021,41103,3275
20023,46833,4595
20025,50368,6765
20027,56186,4532
20029,44143,1835
20031,58636,3782
20033,56912,4100
20035,48087,1792
20037,40174,1415
20039,44104,4161
20041,48167,3545
20043,49338,3952
20045,55832,2064
20047,49293,3364
20049,38494,2496
20051,52700,4242
20053,48188,4498
20055,56573,3623
20057,53072,2421
20059,55486,2842
20061,49185,2156
20063,48894,3918
20065,40769,3891
20067,55455,9500
20069,64426,2378
20071,51250,8034
20073,42595,2875
20075,45000,8976
20077,49455,4800
20079,56051,2814
20081,53527,5094
20083,53854,6908
20085,55904,3009
20087,61793,2528
20089,42552,5114
20091,84915,913
20093,51314,5111
20095,58483,3993
20097,51336,4714
20099,47668,3485
20101,51719,11522
20103,71184,2277
20105,46196,5221
20107,43699,6469
20109,51597,3191
20111,44191,3806
20113,57765,3206
20115,51262,3013
20117,50234,2722
20119,55568,3521
20121,69150,4161
20123,45221,4006
20125,45173,2772
20127,50352,6012
20129,43925,5114
20131,58644,4415
20133,44294,2996
20135,51033,5672
20137,49891,4999
20139,55036,2577
20141,48355,6994
20143,51971,5974
20145,42853,5011
20147,48272,1690
20149,64657,4688
20151,54029,3674
20153,48125,6393
20155,49174,1352
20157,48022,3895
20159,50764,5615
20161,49910,2479
20163,50511,2741
20165,40598,5471
20167,52806,3252
20169,50515,1520
20171,71394,11173
20173,54974,758
20175,47025,3239
20177,55199,1505
20179,56071,9269
20181,52847,5234
20183,43438,4159
20185,48563,2935
20187,46726,5581
20189,56507,7837
20191,54915,3412
20193,57478,4452
20195,56810,6910
20197,60450,3941
20199,58875,13604
20201,48889,3196
20203,57566,10866
20205,46208,3337
20207,34621,4407
20209,44873,939
21001,39346,3589
21003,40893,2985
21005,54160,3933
21007,44350,3284
21009,40216,1507
21011,40837,3808
21013,24628,2786
21015,75043,2354
21017,51462,3221
21019,46165,3160
21021,43274,2476
21023,45827,4482
21025,26376,2403
21027,48189,3056
21029,60534,2127
21031,40061,4957
21033,44940,6440
21035,40219,2017
21037,59782,2488
21039,39664,4204
21041,43258,3524
21043,33067,2513
21045,34457,2527
21047,41235,1849
21049,52938,1861
21051,26250,3399
21053,31115,2774
21055,43169,3446
21057,32906,4710
21059,49836,2043
21061,41360,5129
21063,33377,4651
21065,31337,2576
21067,54918,1106
21069,42213,3319
21071,31267,2458
21073,55068,2123
21075,28559,5037
21077,50204,3849
21079,49888,3277
21081,45610,4430
21083,41615,1819
21085,37906,2615
21087,37374,3571
21089,49343,2313
21091,52019,3685
21093,53168,1849
21095,26324,1943
21097,49696,3830
21099,37795,2962
21101,45389,3458
21103,51447,3174
21105,40463,4654
21107,45738,2211
21109,32143,3874
21111,54357,556
21113,56728,3760
21115,37559,2511
21117,61606,1482
21119,29326,3464
21121,28790,2342
21123,41779,3612
21125,39230,2101
21127,31813,4863
21129,23972,3741
21131,30798,4878
21133,29856,2344
21135,31096,3992
21137,39833,2684
21139,46076,6476
21141,43842,3368
21143,50097,5244
21145,44486,2350
21147,23273,3028
21149,50445,2302
21151,48687,2335
21153,29516,3679
21155,38544,2955
21157,50731,3792
21159,35125,4866
21161,41415,5350
21163,57963,3960
21165,39905,4718
21167,50475,3367
21169,35809,6063
21171,34167,4035
21173,41974,3330
21175,34419,2504
21177,43110,2396
21179,57469,3191
21181,41354,6933
21183,42826,2603
21185,97597,2940
21187,45338,4853
21189,25530,9201
21191,52620,6510
21193,31046,2631
21195,34081,1559
21197,36958,3537
21199,37921,2782
21201,38864,17224
21203,36468,3074
21205,37639,3489
21207,36159,2231
21209,66966,2789
21211,64240,3108
21213,48311,3451
21215,77738,6915
21217,39055,2615
21219,41865,4650
21221,52279,6191
21223,47470,7965
21225,42844,3234
21227,52007,1820
21229,50794,4343
21231,34039,2391
21233,40947,2658
21235,36897,3985
21237,22458,5889
21239,62629,3641
22001,41177,3101
22003,41009,2733
22005,76589,3279
22007,44744,6150
22009,38077,3142
22011,50738,3694
22013,30300,2523
22015,53806,2020
22017,40866,1194
22019,49452,1371
22021,32174,5773
22023,55000,13852
22025,38854,7020
22027,27303,2774
22029,31813,5909
22031,44230,3092
22033,52719,1110
22035,21161,2639
22037,48129,4526
22039,32180,2394
22041,35466,2176
22043,40792,2359
22045,45274,2488
22047,47797,5222
22049,38523,4546
22051,52558,831
22053,39653,2929
22055,54726,1425
22057,53089,1955
22059,36868,3549
22061,34154,2582
22063,63159,2432
22065,27810,2807
22067,33333,2531
22069,27795,1572
22071,39576,882
22073,41314,1193
22075,52386,5481
22077,44269,3795
22079,44852,1596
22081,33446,6568
22083,34422,5064
22085,39465,2575
22087,46011,2745
22089,66620,2567
22091,39895,6619
22093,50661,3298
22095,54821,4413
22097,33288,2619
22099,47974,3530
22101,40485,1543
22103,67706,1782
22105,46297,1962
22107,23870,2634
22109,48866,2239
22111,43083,4908
22113,50690,2701
22115,47772,1438
22117,34985,2963
22119,30358,1979
22121,60908,4083
22123,36528,5377
22125,55510,4719
22127,35398,6284
23001,51412,1287
23003,39824,1210
23005,69708,1111
23007,48053,2173
23009,53068,1671
23011,52929,1484
23013,55402,1899
23015,55180,2509
23017,47275,1817
23019,49374,1640
23021,39470,1873
23023,62131,2508
23025,42491,2161
23027,51564,1933
23029,41384,1570
23031,65538,1510
24001,44065,1148
24003,97810,1299
24005,74127,922
24009,104301,3548
24011,54956,2419
24013,93363,1867
24015,72845,2208
24017,95924,2651
24019,52145,4243
24021,91999,1580
24023,49619,1948
24025,85942,1584
24027,117730,2023
24029,56009,3890
24031,106287,926
24033,81969,837
24035,92167,4671
24037,90438,3303
24039,42165,3590
24041,67204,5374
24043,59719,1519
24045,56608,1832
24047,61145,2866
24510,48840,715
25001,70621,1245
25003,56674,1559
25005,66157,880
25007,71224,12123
25009,75878,1022
25011,59522,1827
25013,53403,860
25015,67044,1955
25017,97012,1021
25019,105171,5612
25021,99511,1321
25023,85654,1241
25025,64582,805
25027,71895,745
26001,39735,1590
26003,46007,4136
26005,59883,1786
26007,41991,1451
26009,52589,1768
26011,40769,1245
26013,42444,2579
26015,61016,2228
26017,48005,1473
26019,56639,3148
26021,49135,1239
26023,50536,1543
26025,47426,1119
26027,53571,1744
26029,53207,2248
26031,46161,2100
26033,44483,2030
26035,37369,1443
26037,67482,1843
26039,47443,3194
26041,46490,2326
26043,48966,2135
26045,62474,1179
26047,54055,1506
26049,47006,731
26051,43290,1368
26053,38798,3213
26055,61485,1900
26057,44991,1870
26059,48392,1547
26061,42852,2010
26063,46320,1020
26065,50940,799
26067,54343,2112
26069,42102,1302
26071,38918,2509
26073,44408,1929
26075,51431,1295
26077,54431,1118
26079,46004,2417
26081,60351,858
26083,49779,5065
26085,34631,1689
26087,58952,2015
26089,63831,2584
26091,53972,1421
26093,80897,1486
26095,42255,3662
26097,46507,2323
26099,60466,672
26101,47172,2038
26103,50771,1421
26105,49663,2106
26107,44460,1813
26109,45508,1955
26111,59271,2398
26113,44766,1878
26115,61514,1239
26117,47000,1473
26119,42305,2634
26121,48329,978
26123,46724,1209
26125,76387,629
26127,46217,2117
26129,40150,1526
26131,38906,2108
26133,42689,1546
26135,40255,2033
26137,52645,2766
26139,67468,984
26141,46439,2090
26143,40302,1468
26145,46919,752
26147,55240,1156
26149,50117,1027
26151,45277,1461
26153,40747,2495
26155,54742,1401
26157,47694,1341
26159,52351,1557
26161,69434,1194
26163,45321,376
26165,44166,1397
27001,45989,2244
27003,79923,1132
27005,59278,1882
27007,47410,2260
27009,56357,2775
27011,51920,3291
27013,55861,1830
27015,57728,3041
27017,60390,2897
27019,97895,2694
27021,50173,1503
27023,54552,5908
27025,80409,2335
27027,65000,2804
27029,46291,1989
27031,52271,3328
27033,53354,2701
27035,54508,1489
27037,83288,1023
27039,71669,2966
27041,60676,3012
27043,52286,2106
27045,59451,1637
27047,52447,1975
27049,64765,2211
27051,55912,2921
27053,74113,672
27055,58729,2516
27057,55472,1844
27059,72473,2763
27061,53022,1487
27063,57010,3075
27065,53300,1935
27067,59089,2058
27069,57112,3671
27071,47129,4407
27073,52199,1651
27075,59516,5237
27077,49068,2315
27079,67451,2240
27081,52301,1892
27083,55525,1986
27085,61275,2251
27087,44537,2879
27089,58723,2285
27091,53915,4255
27093,61856,1904
27095,53888,2167
27097,54962,1736
27099,53665,3302
27101,57500,3537
27103,65027,3205
27105,54149,3111
27107,55206,2234
27109,74880,1753
27111,57131,1540
27113,59036,5827
27115,49138,1671
27117,52309,5071
27119,57151,2019
27121,58132,2889
27123,62304,705
27125,56588,4027
27127,53230,2747
27129,57886,2870
27131,65758,2206
27133,59890,3719
27135,59644,2194
27137,53344,811
27139,97744,2857
27141,85818,2247
27143,62761,1604
27145,60606,1171
27147,62731,2041
27149,58363,3753
27151,48577,2703
27153,52872,1868
27155,48784,4426
27157,65138,1885
27159,45860,2968
27161,55612,2580
27163,92376,1760
27165,51097,3336
27167,54935,3799
27169,55529,2364
27171,81881,2235
27173,56943,3234
28001,29203,2047
28003,40180,2264
28005,31854,3864
28007,34756,2222
28009,35974,5242
28011,29912,1918
28013,36440,1772
28015,43060,5802
28017,35939,3065
28019,37203,3528
28021,26732,4594
28023,39246,2859
28025,35121,4821
28027,30009,3835
28029,40361,3064
28031,35931,6174
28033,65169,1617
28035,40675,2552
28037,40810,6584
28039,48319,5187
28041,49447,5857
28043,36877,3654
28045,47543,4617
28047,45566,1360
28049,43005,1236
28051,21093,1362
28053,28507,2368
28055,25776,8356
28057,40510,4313
28059,51142,1836
28061,35931,4566
28063,20188,3089
28065,30083,5768
28067,41263,3241
28069,28176,4952
28071,47132,4004
28073,58188,3250
28075,41704,2220
28077,42290,5007
28079,33482,4567
28081,47978,1722
28083,26052,2080
28085,40355,3626
28087,45355,3489
28089,71690,2395
28091,31446,1825
28093,41572,3790
28095,40940,4281
28097,33667,5391
28099,36875,2295
28101,33831,3057
28103,36000,4776
28105,38800,3306
28107,36563,2215
28109,45820,4345
28111,39007,8024
28113,30910,1794
28115,41379,2411
28117,37519,3908
28119,25510,2768
28121,64557,1536
28123,33735,3749
28125,28799,4575
28127,37946,2940
28129,41657,2874
28131,44883,6737
28133,30029,2823
28135,30028,2097
28137,51056,4878
28139,39839,3396
28141,37312,2843
28143,37822,6969
28145,41287,2751
28147,29804,3733
28149,43039,2656
28151,30834,1278
28153,37970,7084
28155,40683,7710
28157,26599,2999
28159,36214,3190
28161,41864,3375
28163,31402,2367
29001,40046,2435
29003,55683,5167
29005,48385,3253
29007,43761,1422
29009,41463,1911
29011,41625,2397
29013,46186,3012
29015,38028,2852
29017,42985,4144
29019,54043,1666
29021,50457,1896
29023,39058,2674
29025,48033,3324
29027,55376,2645
29029,52087,2729
29031,51730,1820
29033,42149,5196
29035,39415,6750
29037,67659,1608
29039,39412,2797
29041,46992,2012
29043,57019,2028
29045,47955,3200
29047,68367,1427
29049,58510,3346
29051,57587,1779
29053,48750,2679
29055,38036,4451
29057,39979,3243
29059,41551,2991
29061,50380,2063
29063,50000,6177
29065,39916,3202
29067,34372,3024
29069,34186,1772
29071,55312,1801
29073,53439,2848
29075,42689,5068
29077,44808,1008
29079,42574,3291
29081,40168,3374
29083,43911,3276
29085,36190,1900
29087,45610,3649
29089,50372,4014
29091,36143,1580
29093,37188,2632
29095,52805,616
29097,46929,1601
29099,63030,1317
29101,53056,2319
29103,40383,3536
29105,46192,3544
29107,54661,2714
29109,43373,1729
29111,47764,3634
29113,61628,3653
29115,43642,2985
29117,47885,2903
29119,42019,3057
29121,40007,2031
29123,41322,3013
29125,44436,3132
29127,46762,3278
29129,44085,4042
29131,42718,2196
29133,32846,3218
29135,54828,3620
29137,43973,2381
29139,45862,3414
29141,37727,3410
29143,35399,2113
29145,49023,1902
29147,43349,2081
29149,32534,3569
29151,58476,3484
29153,32601,1926
29155,33390,2649
29157,54964,2770
29159,44382,2231
29161,42846,2355
29163,45753,3044
29165,76912,2320
29167,44892,2666
29169,51665,4064
29171,37367,6347
29173,55546,5333
29175,46610,3310
29177,59857,5069
29179,40929,6136
29181,33343,4516
29183,81411,1457
29185,38470,2312
29186,56234,5750
29187,45774,2067
29189,65300,787
29195,43201,2304
29197,39697,2475
29199,42965,5011
29201,42231,2077
29203,32180,2916
29205,44051,3425
29207,40567,1966
29209,46443,2625
29211,42604,5532
29213,41487,1481
29215,35277,3115
29217,43379,2303
29219,57948,4507
29221,39621,2188
29223,34391,2705
29225,47421,2595
29227,52500,5108
29229,32752,2669
29510,41107,807
30001,44809,5543
30003,46365,4462
30005,38083,3813
30007,56469,4343
30009,57538,4662
30011,44196,9960
30013,48160,1419
30015,40942,2501
30017,55841,5272
30019,54750,2497
30021,59820,3990
30023,41783,2642
30025,60750,12795
30027,50327,3721
30029,52966,2038
30031,61499,1915
30033,45893,9365
30035,31029,2522
30037,39952,9452
30039,48958,8721
30041,47141,3162
30043,66867,4719
30045,45764,6410
30047,45488,2368
30049,62130,1850
30051,47419,7345
30053,38287,2737
30055,47500,4323
30057,50247,4421
30059,43109,5315
30061,41905,4793
30063,51270,1971
30065,41612,4567
30067,49194,6143
30069,44688,17143
30071,46222,5649
30073,45458,4410
30075,52457,7120
30077,49652,6510
30079,47250,6386
30081,48930,4054
30083,67272,4177
30085,42904,3499
30087,56549,4631
30089,36984,3195
30091,54321,5151
30093,42237,2458
30095,63785,4012
30097,49514,5331
30099,51862,4299
30101,46823,8928
30103,42292,5528
30105,55882,6181
30107,41186,3688
30109,50202,7744
30111,59117,1893
31001,51536,2722
31003,48716,2850
31005,43854,2911
31007,59625,7001
31009,50870,3026
31011,54063,2177
31013,56412,6678
31015,50729,6317
31017,41550,4967
31019,56952,3272
31021,51482,3226
31023,55562,5206
31025,71139,2310
31027,58978,3072
31029,55833,4003
31031,53684,7110
31033,56538,3636
31035,56316,3683
31037,56528,6487
31039,55190,5233
31041,49891,3617
31043,55017,2454
31045,51748,5263
31047,53769,3035
31049,48500,6886
31051,56775,4308
31053,53101,1756
31055,61688,773
31057,44350,6028
31059,55625,5034
31061,49235,2942
31063,51855,3574
31065,47989,2055
31067,51662,3264
31069,44471,8656
31071,48545,3225
31073,62545,3065
31075,39479,11997
31077,47128,2806
31079,54742,1656
31081,64042,3775
31083,50344,4093
31085,45515,6828
31087,42902,4193
31089,57468,4199
31091,39115,5706
31093,54399,3931
31095,43295,3680
31097,52794,5338
31099,56952,5395
31101,48901,2605
31103,49688,8103
31105,43856,4478
31107,49752,2073
31109,58009,1076
31111,56794,3095
31113,51607,16254
31115,53125,11932
31117,48882,7216
31119,52857,2181
31121,54197,3897
31123,45121,2922
31125,45833,5080
31127,51922,5743
31129,42049,3542
31131,54828,4232
31133,46314,7123
31135,62469,3557
31137,57241,4344
31139,56620,3576
31141,62617,3413
31143,61962,3107
31145,46859,4731
31147,48096,2998
31149,52604,8336
31151,51143,3212
31153,79549,1419
31155,66718,3394
31157,50157,2056
31159,67591,3082
31161,41719,3067
31163,51172,3803
31165,46875,6794
31167,62687,4761
31169,50734,3321
31171,50682,7527
31173,48149,2837
31175,55170,5388
31177,70753,3504
31179,62623,8752
31181,42298,4958
31183,52083,5162
31185,59779,3810
32001,51514,4276
32003,56802,452
32005,62503,1960
32007,77209,3819
32009,40000,7903
32011,77625,23084
32013,70373,7457
32015,93583,12326
32017,56414,5769
32019,55493,3149
32021,41163,9057
32023,45711,3237
32027,50846,4691
32029,62284,5795
32031,61155,908
32033,62993,4159
32510,52034,2130
33001,68368,3130
33003,61116,2483
33005,63057,2005
33007,45696,1727
33009,63153,2580
33011,78655,1474
33013,72478,1697
33015,90429,1616
33017,70650,2218
33019,60780,3145
34001,59989,1631
34003,95837,998
34005,84992,1319
34007,67118,1282
34009,63690,1641
34011,52593,1718
34013,59302,1069
34015,85160,1401
34017,66289,1155
34019,112535,2409
34021,79990,1403
34023,85954,1082
34025,95699,1134
34027,111316,1509
34029,68021,975
34031,66476,1349
34033,64309,2830
34035,111772,1996
34037,90520,2106
34039,77095,1577
34041,78145,1882
35001,51643,692
35003,42480,6192
35005,43197,1797
35006,37368,3303
35007,33783,4196
35009,46182,2612
35011,31028,6138
35013,39164,1431
35015,62982,3186
35017,37880,4254
35019,24085,4362
35021,30875,4943
35023,36339,12114
35025,59797,2304
35027,42267,6929
35028,115248,7220
35029,27377,1797
35031,31674,1548
35033,26968,5927
35035,42752,2422
35037,27075,1630
35039,(X),(X)
35041,40775,5000
35043,59420,1750
35045,50582,1564
35047,31660,1787
35049,59192,1499
35051,30451,2520
35053,36146,4461
35055,36758,2641
35057,37218,4750
35059,37936,4381
35061,45084,2429
36001,64535,1279
36003,47033,1420
36005,38085,525
36007,50859,1227
36009,47240,1386
36011,56579,1673
36013,45332,1182
36015,53299,1328
36017,50595,1427
36019,55178,2165
36021,63032,2254
36023,54489,1872
36025,48827,1720
36027,78028,1324
36029,55673,604
36031,56196,2091
36033,51696,2339
36035,50248,1597
36037,59338,2493
36039,53617,2813
36041,57552,2633
36043,51862,2041
36045,52268,1528
36047,56015,536
36049,52380,1891
36051,56071,1875
36053,60228,1612
36055,57479,734
36057,45837,2770
36059,111240,1180
36061,82459,951
36063,54085,1268
36065,53844,871
36067,59225,834
36069,63359,1753
36071,76716,1429
36073,51843,2175
36075,53597,1386
36077,53121,1287
36079,102186,2501
36081,64987,663
36083,65851,1775
36085,79267,1450
36087,91108,2046
36089,49305,1513
36091,80839,1798
36093,63785,1727
36095,53989,2361
36097,51479,3128
36099,54695,2055
36101,51789,1417
36103,96675,887
36105,56256,2896
36107,60736,1624
36109,58743,1600
36111,63348,1313
36113,59813,2104
36115,54114,2455
36117,55765,1620
36119,92758,1422
36121,57914,1921
36123,54343,3383
37001,45735,1314
37003,44961,2585
37005,37558,3137
37007,39126,3577
37009,40978,2399
37011,38134,3206
37013,43688,3421
37015,33143,2320
37017,32378,2131
37019,54406,1519
37021,50668,931
37023,42516,2114
37025,64174,1421
37027,42072,1519
37029,63349,7120
37031,54428,1755
37033,43961,2480
37035,51157,1315
37037,63531,2312
37039,40294,2205
37041,42621,4428
37043,38801,3790
37045,40393,1428
37047,36398,1624
37049,50870,1421
37051,45716,849
37053,66284,5849
37055,58012,2668
37057,47271,1366
37059,57611,2774
37061,38850,1991
37063,58190,1715
37065,35516,2473
37067,50128,1062
37069,53175,2666
37071,49384,1207
37073,52205,3839
37075,36525,4626
37077,55628,2587
37079,38306,2926
37081,51072,751
37083,34251,1435
37085,51630,1150
37087,49800,2357
37089,52815,1580
37091,37005,3646
37093,47535,2214
37095,45466,10722
37097,58198,1577
37099,44028,2589
37101,56842,1774
37103,36892,7327
37105,48873,2218
37107,38387,2001
37109,53318,1752
37111,40913,1929
37113,43597,1595
37115,42410,2842
37117,39205,3161
37119,64312,601
37121,44186,2448
37123,42346,3473
37125,57899,2155
37127,48362,1981
37129,52716,1333
37131,35499,1596
37133,49491,1299
37135,68211,3011
37137,44947,3393
37139,48279,1414
37141,52989,2271
37143,45915,2565
37145,48811,2286
37147,44315,1147
37149,48834,3403
37151,45006,1400
37153,36091,2225
37155,33679,951
37157,42490,1658
37159,48667,1598
37161,40347,2043
37163,39068,1998
37165,35617,2203
37167,49590,1817
37169,46169,2190
37171,41068,1401
37173,36773,2227
37175,46629,3483
37177,35472,9108
37179,75397,1287
37181,37282,2841
37183,76956,845
37185,35962,2370
37187,35512,3540
37189,45268,2359
37191,42192,1443
37193,40829,2647
37195,42850,1379
37197,42876,2069
37199,39888,3177
38001,54875,5713
38003,57064,5355
38005,44313,1973
38007,92604,36319
38009,59882,4430
38011,65063,4431
38013,74931,4976
38015,69719,2310
38017,62031,2342
38019,67591,5102
38021,60918,5496
38023,60074,11328
38025,70500,12067
38027,51563,9324
38029,51029,4763
38031,60613,5052
38033,56087,7093
38035,51951,1837
38037,50962,5972
38039,52794,4901
38041,56761,5735
38043,57734,7633
38045,59426,6556
38047,58144,5397
38049,62637,4321
38051,50739,5013
38053,80732,5175
38055,65648,3173
38057,79890,6265
38059,67584,4161
38061,70678,3909
38063,48798,7261
38065,68333,15106
38067,64962,3462
38069,48802,10837
38071,57313,4762
38073,61810,3963
38075,68182,4577
38077,61990,3937
38079,39884,2915
38081,67200,6337
38083,49261,5345
38085,40862,3441
38087,63942,6702
38089,75708,4591
38091,65848,4743
38093,57642,2929
38095,53696,5581
38097,62870,2736
38099,54414,2192
38101,67753,2240
38103,57989,4204
38105,86575,8091
39001,36894,3386
39003,50552,1657
39005,52730,2111
39007,44823,1563
39009,37778,3027
39011,61758,1899
39013,49361,2020
39015,52356,2501
39017,63358,875
39019,52394,3269
39021,57103,2180
39023,48502,1315
39025,64822,1437
39027,51354,2321
39029,46306,1282
39031,44491,1998
39033,42892,1604
39035,48435,473
39037,52691,1888
39039,57665,1949
39041,104322,2210
39043,52270,2065
39045,66175,1686
39047,46478,2496
39049,58762,635
39051,60231,1714
39053,42113,2765
39055,79956,2923
39057,67109,1554
39059,43975,2042
39061,54976,676
39063,55644,1981
39065,48773,1658
39067,48462,2748
39069,59083,2965
39071,43297,2828
39073,50000,2367
39075,62111,2631
39077,51559,1719
39079,45340,2441
39081,44819,1519
39083,55131,1985
39085,63475,887
39087,44372,2367
39089,62715,2014
39091,55150,1796
39093,56965,1012
39095,46924,913
39097,65264,1891
39099,44682,915
39101,45464,2223
39103,74243,1675
39105,43591,3395
39107,59417,2186
39109,57544,1874
39111,43956,2265
39113,49314,676
39115,41731,3455
39117,56010,3135
39119,45276,1771
39121,47456,7439
39123,57918,2484
39125,51933,2614
39127,48811,2401
39129,62214,2959
39131,43729,3022
39133,56618,1432
39135,55374,1904
39137,62001,1942
39139,47346,1723
39141,48403,1554
39143,51701,1582
39145,39731,1594
39147,49936,2160
39149,61042,2368
39151,52190,705
39153,55448,840
39155,45975,1002
39157,51170,1952
39159,82775,2951
39161,52754,1607
39163,42114,3941
39165,83330,1930
39167,48572,2183
39169,56348,1184
39171,49491,1657
39173,59789,1513
39175,52940,3242
40001,32986,2093
40003,59569,3294
40005,38821,2108
40007,51996,2752
40009,48725,5363
40011,50391,6924
40013,43245,2238
40015,44588,2074
40017,71157,1481
40019,49216,1550
40021,40936,1729
40023,32129,1972
40025,46071,7925
40027,62863,1106
40029,40000,3892
40031,52227,1511
40033,51623,4220
40035,41701,2010
40037,49578,1759
40039,48884,2251
40041,39742,1445
40043,50037,5573
40045,52705,3259
40047,51332,2166
40049,45066,1758
40051,58177,2037
40053,56287,5602
40055,38322,2501
40057,41607,5454
40059,50114,8214
40061,39375,2766
40063,39265,1928
40065,45757,2590
40067,37319,1687
40069,40077,4060
40071,45426,1758
40073,60656,8548
40075,38209,4061
40077,42363,2856
40079,39769,1250
40081,49362,1963
40083,62035,4210
40085,52007,5419
40087,64492,2463
40089,35829,1373
40091,37086,1988
40093,54118,2605
40095,45828,2396
40097,48853,2237
40099,51490,2683
40101,42689,1814
40103,53253,4133
40105,41895,2287
40107,38527,2414
40109,52855,570
40111,42175,2306
40113,47789,1927
40115,39070,1109
40117,47413,2347
40119,40944,1977
40121,45346,2004
40123,49235,1957
40125,47683,1214
40127,37457,2145
40129,47667,8528
40131,62949,1469
40133,38706,1457
40135,38328,1622
40137,46166,1704
40139,50450,4014
40141,40462,2611
40143,53902,541
40145,61566,1348
40147,52103,2180
40149,52510,3096
40151,56899,6071
40153,58706,3782
41001,43921,2509
41003,58655,1968
41005,76597,1050
41007,52583,2663
41009,59714,3078
41011,43308,1940
41013,44524,3873
41015,46396,3602
41017,63680,2405
41019,45812,1303
41021,42976,4505
41023,45357,5774
41025,41797,4574
41027,62935,4086
41029,50851,984
41031,50339,3686
41033,43046,1996
41035,43522,2272
41037,36627,4928
41039,49958,934
41041,46061,1891
41043,52097,1597
41045,42478,3046
41047,56097,1191
41049,55440,4735
41051,64337,779
41053,58344,2074
41055,48056,5142
41057,47500,4634
41059,51887,1508
41061,48617,3393
41063,44953,5028
41065,50973,2064
41067,78010,1086
41069,33456,5113
41071,59484,2068
42001,64507,1226
42003,58383,611
42005,49032,2051
42007,55828,1201
42009,49146,1524
42011,61522,826
42013,47969,1449
42015,51457,1337
42017,86055,1084
42019,68472,1115
42021,45901,1074
42023,41485,1945
42025,53624,1457
42027,58055,2017
42029,96726,1125
42031,45625,1384
42033,47270,1523
42035,49234,1685
42037,49889,2025
42039,49144,1173
42041,68895,1591
42043,58916,1437
42045,71539,1022
42047,51112,2209
42049,49716,919
42051,44476,1992
42053,38383,2240
42055,59713,1974
42057,51259,2194
42059,54121,2432
42061,48597,1311
42063,46877,1462
42065,46818,1640
42067,52765,2106
42069,50875,1145
42071,63823,643
42073,48860,1724
42075,59114,1681
42077,62178,979
42079,51646,857
42081,52407,1386
42083,46953,1217
42085,48768,1332
42087,47526,1807
42089,63931,1854
42091,88166,1023
42093,57183,4693
42095,67565,1341
42097,47063,1630
42099,62266,1895
42101,43744,595
42103,64247,3440
42105,42821,1568
42107,49190,1207
42109,57638,2133
42111,48224,1132
42113,47346,3301
42115,53059,1747
42117,50667,2287
42119,56026,2766
42121,47982,1401
42123,48409,1276
42125,61567,1297
42127,54851,2154
42129,58866,944
42131,59308,2792
42133,63902,933
44001,75578,3422
44003,70223,1879
44005,77237,3024
44007,55233,904
44009,81301,2985
45001,36685,3187
45003,50036,1549
45005,24560,2977
45007,47906,1224
45009,32229,5161
45011,36566,2839
45013,63110,1983
45015,59995,1499
45017,44534,3898
45019,61028,1426
45021,35836,2201
45023,40080,3797
45025,40033,2434
45027,37525,1954
45029,36276,1090
45031,36254,2153
45033,29362,2228
45035,61698,1894
45037,49200,3629
45039,36294,4271
45041,45479,1634
45043,48071,2850
45045,56789,874
45047,40982,1671
45049,32453,1688
45051,48279,845
45053,41930,3475
45055,49392,2033
45057,55223,2390
45059,41578,1485
45061,31651,2928
45063,59593,1213
45065,42262,4551
45067,33046,3009
45069,34203,2307
45071,42765,2131
45073,46056,1633
45075,36188,1604
45077,47024,1429
45079,53922,1069
45081,44486,2731
45083,50179,972
45085,43792,1589
45087,40120,2635
45089,32351,2519
45091,62431,1371
46003,59293,4284
46005,51700,3767
46007,48348,4448
46009,54450,4077
46011,56370,2989
46013,56455,2862
46015,50839,4036
46017,32500,5554
46019,44387,3125
46021,52500,6952
46023,46389,2413
46025,47798,6065
46027,43189,3636
46029,54774,4288
46031,35441,1898
46033,55472,6020
46035,47772,5129
46037,44145,4386
46039,57930,4770
46041,43954,3189
46043,57419,6781
46045,68551,6408
46047,50837,3442
46049,53889,8490
46051,62532,7724
46053,44479,4642
46055,37420,3893
46057,65050,2220
46059,52438,4638
46061,63036,2751
46063,57365,3335
46065,63564,5358
46067,54868,2971
46069,54891,5018
46071,33438,5907
46073,49519,5792
46075,41103,6051
46077,59375,2977
46079,59232,4788
46081,52245,3466
46083,81422,2655
46085,53263,2802
46087,62234,3262
46089,43804,9021
46091,63594,5195
46093,59218,3940
46095,31222,2799
46097,51394,7871
46099,60028,1314
46101,58167,4699
46102,30347,3591
46103,55024,1432
46105,56850,6594
46107,53600,4422
46109,50495,2886
46111,54899,3440
46115,52729,2451
46117,71763,3457
46119,64028,10399
46121,24257,3226
46123,51027,4819
46125,55380,4759
46127,69563,3829
46129,52123,6613
46135,54694,4108
46137,37143,3252
47001,49376,2492
47003,48945,2166
47005,33125,3782
47007,42889,5054
47009,54140,1749
47011,48140,1978
47013,38170,1972
47015,49523,4040
47017,40810,1959
47019,36589,1614
47021,58641,3170
47023,45667,7517
47025,36077,2596
47027,31487,5013
47029,33614,2524
47031,47998,2188
47033,42047,2596
47035,43893,1465
47037,56507,855
47039,40233,3310
47041,44134,3591
47043,50549,2297
47045,43762,3208
47047,59017,2723
47049,35084,2375
47051,49038,2309
47053,41886,2158
47055,47528,3855
47057,42997,3743
47059,40138,1831
47061,36987,3287
47063,42589,2422
47065,53035,949
47067,28990,2816
47069,38651,3755
47071,39798,1997
47073,40335,1942
47075,38362,2866
47077,42430,2964
47079,40837,1768
47081,41998,2620
47083,43964,3741
47085,41510,2808
47087,36703,3994
47089,47264,2377
47091,34151,3356
47093,54437,813
47095,34966,6297
47097,37915,2098
47099,41553,1586
47101,37139,3079
47103,45736,3682
47105,56078,3662
47107,41398,2661
47109,36055,3524
47111,36246,2762
47113,46223,1729
47115,48024,2450
47117,49370,3134
47119,54249,1751
47121,43250,4203
47123,38327,2549
47125,55972,1747
47127,52294,4433
47129,40166,2561
47131,39866,2230
47133,36558,1788
47135,34634,7931
47137,41004,2965
47139,41818,2889
47141,40888,2074
47143,39451,3060
47145,50003,2966
47147,61774,2709
47149,63846,1154
47151,35453,3957
47153,51750,4647
47155,45943,1619
47157,49782,691
47159,46404,2929
47161,42269,4041
47163,43442,1229
47165,64631,1434
47167,60167,2829
47169,52864,10817
47171,39851,2947
47173,41352,2106
47175,37127,6456
47177,37715,2218
47179,46752,1903
47181,38634,5802
47183,38566,1757
47185,40745,1972
47187,109026,2935
47189,71513,2237
48001,43355,2033
48003,74233,4834
48005,47714,1985
48007,44865,4698
48009,64476,4552
48011,66563,8051
48013,55265,3274
48015,65365,4632
48017,46485,5594
48019,53683,4866
48021,62941,3059
48023,40750,7834
48025,42032,4701
48027,54184,815
48029,55456,501
48031,63071,3656
48033,81985,13787
48035,50882,2214
48037,47505,2075
48039,79270,2003
48041,46839,1913
48043,43894,2762
48045,42647,6885
48047,27378,2831
48049,45457,2375
48051,56235,3507
48053,59238,3055
48055,52278,2375
48057,55469,4258
48059,44602,3204
48061,37132,1130
48063,42604,4451
48065,70087,7537
48067,45345,3467
48069,45000,6963
48071,76850,8824
48073,46044,1936
48075,40794,7345
48077,51191,3678
48079,42798,7441
48081,45551,3023
48083,43981,2768
48085,94192,911
48087,42750,9436
48089,49504,4080
48091,75356,1984
48093,47893,4071
48095,43355,9282
48097,57646,4167
48099,51440,1688
48101,34375,7934
48103,70398,9716
48105,51152,4717
48107,37899,3153
48109,33417,11126
48111,51250,10958
48113,56854,391
48115,44657,5731
48117,51841,4192
48119,46138,5456
48121,83376,1008
48123,53779,5425
48125,41618,3947
48127,27832,6110
48129,43224,4015
48131,37382,5459
48133,35325,2490
48135,60676,1959
48137,40313,21276
48139,72213,2151
48141,44597,745
48143,48819,2400
48145,38032,3400
48147,50761,1798
48149,56297,4556
48151,46827,4353
48153,48555,5620
48155,46354,8925
48157,95561,1694
48159,52944,6279
48161,48731,5100
48163,42476,5003
48165,59032,5358
48167,69369,1866
48169,55039,14840
48171,58325,4646
48173,75833,17605
48175,60492,4435
48177,53006,3721
48179,47170,4894
48181,54370,1905
48183,49287,1254
48185,50298,4135
48187,70931,1953
48189,47080,2713
48191,32921,3335
48193,47500,9960
48195,39229,4633
48197,42238,10049
48199,59105,3317
48201,60146,474
48203,51202,2234
48205,59280,9890
48207,46013,4336
48209,65935,1872
48211,63778,8931
48213,45798,1788
48215,38398,891
48217,48823,2959
48219,48116,2342
48221,59049,3646
48223,51877,2465
48225,34297,2898
48227,51528,2638
48229,29318,7647
48231,51928,1501
48233,50651,3341
48235,54706,15653
48237,51700,3382
48239,60276,5630
48241,46088,4446
48243,53194,14890
48245,48463,1193
48247,32049,5659
48249,42005,5407
48251,62066,2041
48253,45694,5639
48255,52252,4347
48257,65390,1830
48259,82390,5079
48261,36125,6795
48263,45926,9347
48265,52473,2685
48267,42500,3770
48269,65125,26021
48271,31468,6246
48273,42021,3663
48275,46146,7394
48277,43562,2785
48279,43396,2336
48281,58194,3109
48283,51792,4314
48285,53021,3540
48287,55000,5256
48289,44818,6788
48291,49850,2666
48293,42680,4009
48295,57372,8099
48297,55766,6296
48299,52178,2922
48301,81875,46475
48303,50473,1234
48305,43524,3428
48307,45329,6696
48309,48199,1254
48311,68750,16747
48313,49428,4164
48315,37283,3024
48317,69722,11169
48319,40708,4263
48321,45500,3150
48323,38035,2789
48325,61059,2853
48327,40606,9606
48329,78888,3668
48331,47081,4092
48333,41827,6224
48335,49670,10901
48337,51774,1743
48339,77416,1496
48341,51527,2468
48343,42961,2609
48345,43750,7082
48347,43598,2009
48349,47920,2701
48351,40950,3016
48353,44346,4193
48355,55048,1208
48357,49928,4789
48359,63315,5160
48361,55700,2395
48363,45979,4275
48365,51569,1915
48367,74625,2568
48369,54184,3885
48371,52282,6993
48373,46182,3512
48375,43157,1520
48377,27061,6108
48379,49872,3879
48381,67397,2025
48383,70478,14527
48385,34813,6986
48387,37955,3903
48389,58384,6808
48391,48112,5652
48393,73854,12671
48395,54201,5421
48397,94767,3323
48399,41732,3559
48401,52329,2398
48403,33257,3025
48405,35509,5831
48407,44658,4204
48409,55229,2202
48411,44698,5395
48413,55677,15264
48415,55889,5767
48417,45187,5233
48419,40764,3638
48421,56576,5943
48423,53511,1452
48425,53162,9634
48427,29294,2918
48429,45336,4604
48431,59286,14886
48433,48000,15538
48435,60543,12711
48437,38418,3110
48439,64874,547
48441,50818,1577
48443,33750,12715
48445,44975,5820
48447,44196,12922
48449,46698,3475
48451,51675,2309
48453,71767,823
48455,40407,3033
48457,43936,3381
48459,50906,4564
48461,52257,5967
48463,41752,3354
48465,45521,2689
48467,51935,1845
48469,55631,2752
48471,41855,2046
48473,57654,5987
48475,64630,7127
48477,56237,5282
48479,42293,1239
48481,49619,2779
48483,49352,6360
48485,46575,1427
48487,48773,6797
48489,29944,5675
48491,83679,1125
48493,72445,4432
48495,59167,9911
48497,61709,2458
48499,48534,3019
48501,68814,3598
48503,47194,5168
48505,31113,4819
48507,30988,5991
49001,54212,6679
49003,59937,2300
49005,56840,1332
49007,50278,2066
49009,81250,35024
49011,79690,1201
49013,63919,2027
49015,52055,3028
49017,52337,8788
49019,48673,5136
49021,46809,3453
49023,62237,2320
49025,48269,8418
49027,60445,4020
49029,89274,3473
49031,39440,4761
49033,49886,13343
49035,71230,683
49037,44680,3843
49039,51720,3649
49041,53020,1941
49043,100453,5764
49045,71020,2997
49047,66736,3909
49049,70408,818
49051,77449,5814
49053,56877,1511
49055,44694,3167
49057,64636,1074
50001,65093,2424
50003,53040,2307
50005,49348,1842
50007,69896,2132
50009,41045,2661
50011,64258,1568
50013,69583,5812
50015,60365,3915
50017,60159,2361
50019,47915,2193
50021,54973,1754
50023,62108,2065
50025,52659,1706
50027,58303,1576
51001,43210,3243
51003,75394,2534
51005,47794,3629
51007,58526,8627
51009,49170,3347
51011,56176,4129
51013,117374,2067
51015,61305,1784
51017,46137,2875
51019,61541,2660
51021,50511,4943
51023,68410,3438
51025,41927,3130
51027,30806,2381
51029,46261,4573
51031,50258,2308
51033,64715,4314
51035,43532,2276
51036,59192,4207
51037,39212,2751
51041,80214,1216
51043,77936,6550
51045,55484,13649
51047,73116,2713
51049,46221,4519
51051,29226,2792
51053,55880,4297
51057,52681,2936
51059,121133,1144
51061,97469,3787
51063,49729,4731
51065,74931,4899
51067,52639,3185
51069,73250,2263
51071,52478,3169
51073,66701,3711
51075,89741,7343
51077,33969,2345
51079,64979,4475
51081,44534,7545
51083,42289,2347
51085,88652,2596
51087,68572,1482
51089,36683,1839
51091,46147,3558
51093,71376,3787
51095,83048,2991
51097,54516,7231
51099,87321,8183
51101,68720,4657
51103,50739,7705
51105,32718,3065
51107,136268,2063
51109,59343,4020
51111,41868,4197
51113,54197,4437
51115,67009,9029
51117,42025,2464
51119,51917,6744
51121,54641,1795
51125,62446,7444
51127,79698,4414
51131,43553,4273
51133,58677,5014
51135,42869,4498
51137,68481,3991
51139,47951,3979
51141,40486,4326
51143,45382,2056
51145,83914,4985
51147,46189,4053
51149,67001,3178
51153,103445,1915
51155,52638,1998
51157,68438,7363
51159,49831,4953
51161,65467,2229
51163,54805,4086
51165,59817,1844
51167,39482,2596
51169,39144,2488
51171,54921,3008
51173,40425,1626
51175,54611,6821
51177,85330,1869
51179,106773,3208
51181,54844,4834
51183,45801,3896
51185,40978,1974
51187,68189,4293
51191,46262,1583
51193,54268,3000
51195,38345,3388
51197,48043,2922
51199,90367,3142
51510,96733,1933
51520,37904,2685
51530,34273,9808
51540,58933,3493
51550,75790,1575
51570,53716,5085
51580,39432,3798
51590,36301,2104
51595,30857,2784
51600,111574,7598
51610,124796,15295
51620,40375,6482
51630,63274,7136
51640,31938,3916
51650,54550,1491
51660,43893,2962
51670,40497,3873
51678,36466,7238
51680,43374,1665
51683,78462,3991
51685,80667,7690
51690,33224,3916
51700,51884,1249
51710,49146,990
51720,28071,6418
51730,36135,1580
51735,96831,4475
51740,50224,1622
51750,36743,6295
51760,45117,1265
51770,43028,1367
51775,57185,3326
51790,48049,2289
51800,70664,2173
51810,74186,953
51820,45738,4299
51830,56163,6110
51840,53797,4115
53001,49142,5961
53003,50423,2558
53005,65650,2031
53007,56135,2615
53009,49913,1998
53011,71636,837
53013,51111,5853
53015,51752,1326
53017,60452,4163
53019,41924,2617
53021,62002,2233
53023,52525,7999
53025,54982,1906
53027,47770,2089
53029,64809,1871
53031,54471,3254
53033,89418,784
53035,71610,1435
53037,55193,2987
53039,54056,3710
53041,50216,2241
53043,50744,3332
53045,55726,1752
53047,45808,1529
53049,44846,2441
53051,48583,2974
53053,67868,839
53055,60711,2517
53057,62865,1581
53059,58598,4141
53061,82751,856
53063,54852,814
53065,49200,2238
53067,69592,1269
53069,54085,4025
53071,56533,3168
53073,59285,1481
53075,42163,2124
53077,49871,1159
54001,39580,4632
54003,60615,1882
54005,38642,3787
54007,42213,5363
54009,49772,3595
54011,38321,1341
54013,37610,4796
54015,35875,4142
54017,46449,9023
54019,40379,2019
54021,35810,5509
54023,41071,4183
54025,39038,2982
54027,40099,3403
54029,45580,2306
54031,47186,5626
54033,50433,2080
54035,44783,4810
54037,76503,3712
54039,45426,1901
54041,39423,2644
54043,37679,4815
54045,38123,3369
54047,26547,1915
54049,48605,1960
54051,43918,3875
54053,40347,4476
54055,39372,2773
54057,46354,2927
54059,31305,1875
54061,49926,1659
54063,36493,3240
54065,50661,3044
54067,38468,2229
54069,48418,2166
54071,41210,2678
54073,48563,8704
54075,39702,3485
54077,48317,2110
54079,59626,4177
54081,42296,2195
54083,41094,2882
54085,44472,4018
54087,34300,3031
54089,36049,2066
54091,47205,2734
54093,45655,3125
54095,41108,4184
54097,40401,2606
54099,36875,3738
54101,34312,5089
54103,42125,2794
54105,40189,3985
54107,45958,1776
54109,40045,3596
55001,43280,1717
55003,43861,2544
55005,50903,1817
55007,52910,1503
55009,59963,1393
55011,57134,1499
55013,49982,1413
55015,72530,2598
55017,57288,1687
55019,51872,927
55021,65348,1584
55023,48853,1777
55025,70541,997
55027,58870,1805
55029,58287,1960
55031,52480,2058
55033,56268,2577
55035,55711,1487
55037,49128,4882
55039,59373,1270
55041,44313,1984
55043,52958,1330
55045,62699,2311
55047,53260,1695
55049,62785,3091
55051,40801,2325
55053,52984,2972
55055,63676,2189
55057,51056,1694
55059,60929,1528
55061,63118,2388
55063,55479,1432
55065,59629,1865
55067,46557,3185
55069,56086,2436
55071,53489,1451
55073,59543,1425
55075,47497,1760
55077,49586,1527
55078,43872,4909
55079,48742,547
55081,58178,1851
55083,57105,1759
55085,54198,1462
55087,63536,1155
55089,82807,2024
55091,53140,2174
55093,72111,2529
55095,56932,1301
55097,57368,1929
55099,46742,2171
55101,59749,1011
55103,51335,2233
55105,55832,1073
55107,44302,2366
55109,81124,2040
55111,56732,1108
55113,44555,1639
55115,54143,1727
55117,58943,1596
55119,51698,1484
55121,55865,1861
55123,50905,1864
55125,44285,1762
55127,61106,1402
55129,48422,1438
55131,74062,1669
55133,84331,918
55135,57680,2010
55137,51195,1316
55139,57124,1152
55141,53473,1503
56001,46865,2174
56003,53435,2844
56005,79916,4196
56007,60206,5264
56009,63923,6844
56011,64055,6603
56013,54242,3180
56015,49774,4210
56017,51875,5179
56019,55991,7320
56021,64220,1924
56023,64519,4154
56025,60550,2371
56027,39359,7728
56029,62666,4624
56031,47096,3764
56033,58521,2598
56035,78680,11685
56037,73008,3133
56039,83831,5822
56041,58235,5671
56043,53426,3654
56045,52867,6921
72001,12902,1027
72003,16347,1084
72005,16693,951
72007,17255,1562
72009,19720,1401
72011,19379,1533
72013,18001,831
72015,16976,2241
72017,16889,1829
72019,15970,1628
72021,26017,774
72023,16080,942
72025,25006,1128
72027,16831,996
72029,20673,1668
72031,29434,1311
72033,18253,2132
72035,21320,1445
72037,19103,2515
72039,15071,1581
72041,19949,1394
72043,19833,2057
72045,12812,1348
72047,15088,1444
72049,23802,4314
72051,29667,3850
72053,19068,1213
72054,20315,3694
72055,13242,846
72057,16374,1310
72059,16922,1349
72061,33937,1745
72063,33661,2355
72065,17201,1310
72067,19394,2271
72069,19880,1116
72071,16748,1313
72073,15424,2978
72075,20845,998
72077,18969,1633
72079,13747,1070
72081,14540,1599
72083,13435,2781
72085,21792,1810
72087,17402,1188
72089,20829,2080
72091,19459,2072
72093,13262,2413
72095,19788,3553
72097,14120,770
72099,14155,1310
72101,20589,1205
72103,19356,1831
72105,19332,2452
72107,13319,1247
72109,15761,1829
72111,17592,1596
72113,17173,503
72115,16630,2110
72117,21591,3871
72119,22509,1243
72121,16846,1723
72123,16887,1447
72125,15619,1625
72127,22146,699
72129,18821,1560
72131,14812,1029
72133,17640,2025
72135,28863,1418
72137,24899,1165
72139,31193,1173
72141,16533,1087
72143,18895,1162
72145,19096,1063
72147,15539,3003
72149,19855,1503
72151,16013,1364
72153,14954,1048
