FIPS,County,High school graduate (includes equivalency),Some college or associate's degree,Bachelor's degree,Graduate or professional degree,Total,State,Year
12119,Sumter,32508,30623,21538,13370,105817,Florida,2015
12127,Volusia,129175,130281,59187,26893,382433,Florida,2015
13013,Barrow,,,,,,Georgia,2015
13015,Bartow,,,,,,Georgia,2015
13021,Bibb,32057,28159,14947,10210,99505,Georgia,2015
13031,Bulloch,9907,13494,5362,5789,39261,Georgia,2015
13045,Carroll,24716,21027,9018,5504,71676,Georgia,2015
13047,Catoosa,,,,,,Georgia,2015
13051,Chatham,46001,63480,38356,22454,189564,Georgia,2015
13057,Cherokee,36705,45844,40354,20131,156090,Georgia,2015
13059,Clarke,12402,14205,15418,14188,66094,Georgia,2015
13063,Clayton,56506,54438,21174,11119,169140,Georgia,2015
13067,Cobb,93576,128306,145021,77138,491820,Georgia,2015
13073,Columbia,20781,31720,22076,11170,93923,Georgia,2015
13077,Coweta,28793,27310,17385,9167,91374,Georgia,2015
13089,DeKalb,100211,125810,121469,87622,495433,Georgia,2015
13095,Dougherty,18604,16727,7457,4782,57988,Georgia,2015
13097,Douglas,26040,25767,17894,10501,89945,Georgia,2015
13113,Fayette,15738,19778,24477,10436,74720,Georgia,2015
13115,Floyd,21060,17940,7065,4870,64448,Georgia,2015
13117,Forsyth,21327,39034,43448,22554,136817,Georgia,2015
13121,Fulton,126171,155332,199734,136161,673365,Georgia,2015
13127,Glynn,16154,18489,10042,6766,58250,Georgia,2015
13135,Gwinnett,134625,158465,131970,68235,565938,Georgia,2015
13139,Hall,34511,36281,17870,10514,125214,Georgia,2015
13151,Henry,41744,43259,25909,13188,137850,Georgia,2015
13153,Houston,26679,40876,11787,8873,97723,Georgia,2015
13179,Liberty,11744,13956,4392,1784,35448,Georgia,2015
13185,Lowndes,18799,21218,9359,5637,66644,Georgia,2015
13215,Muscogee,37927,42512,18707,12909,129080,Georgia,2015
13217,Newton,20543,23996,9300,4258,67525,Georgia,2015
13223,Paulding,33629,30299,13978,8125,96469,Georgia,2015
13245,Richmond,38731,42446,16521,11325,131332,Georgia,2015
13247,Rockdale,19622,15796,10067,4443,57242,Georgia,2015
13285,Troup,,,,,,Georgia,2015
13295,Walker,16665,13733,4487,2611,47186,Georgia,2015
13297,Walton,22296,16953,7997,3344,58260,Georgia,2015
13313,Whitfield,18527,17374,6544,2777,66421,Georgia,2015
15001,Hawaii,40517,45736,26620,12870,137573,Hawaii,2015
15003,Honolulu,175848,214974,148891,77402,681195,Hawaii,2015
15007,Kauai,15235,17987,9423,4561,50845,Hawaii,2015
15009,Maui,35923,40379,20092,9328,116168,Hawaii,2015
16001,Ada,61354,104416,72855,34732,288651,Idaho,2015
16005,Bannock,13975,21364,8864,3803,52113,Idaho,2015
16019,Bonneville,17804,22110,13722,6257,66341,Idaho,2015
16027,Canyon,44447,41524,15028,6389,126548,Idaho,2015
16055,Kootenai,28130,42414,15782,8205,103211,Idaho,2015
16083,Twin,14031,21962,6149,3273,52277,Idaho,2015
17001,Adams,17866,15445,5771,3824,45932,Illinois,2015
17019,Champaign,27115,32324,26409,28607,119843,Illinois,2015
17031,Cook,854288,922579,790748,515549,3575873,Illinois,2015
17037,DeKalb,15006,22142,11528,7284,60669,Illinois,2015
17043,DuPage,118962,174445,172558,117994,633070,Illinois,2015
17089,Kane,76613,99725,68417,38023,341096,Illinois,2015
17091,Kankakee,24572,23277,9542,5608,72783,Illinois,2015
17093,Kendall,,,,,,Illinois,2015
17097,Lake,97390,111951,118173,83259,454679,Illinois,2015
17099,LaSalle,27625,28839,8460,4485,78430,Illinois,2015
17111,McHenry,57205,67168,44588,22566,205031,Illinois,2015
17113,McLean,27625,23704,31368,16991,104171,Illinois,2015
17115,Macon,25219,23008,11873,5268,73158,Illinois,2015
17119,Madison,61084,64588,28597,17461,185255,Illinois,2015
17143,Peoria,33641,41016,22533,14734,124518,Illinois,2015
17161,Rock,31657,33759,14473,8034,99788,Illinois,2015
17163,St.,48725,63977,29036,18355,178240,Illinois,2015
17167,Sangamon,36732,41310,30317,16634,136090,Illinois,2015
17179,Tazewell,30436,32376,16133,7574,93845,Illinois,2015
17183,Vermilion,22032,18053,4723,2301,53843,Illinois,2015
17197,Will,125113,128624,97193,50984,444555,Illinois,2015
17199,Williamson,,,,,,Illinois,2015
17201,Winnebago,62939,63461,28472,15125,194508,Illinois,2015
18003,Allen,68116,77032,44035,22761,237480,Indiana,2015
18005,Bartholomew,18283,15620,9944,6228,54548,Indiana,2015
18019,Clark,27622,26509,12867,4453,79500,Indiana,2015
18035,Delaware,26012,21474,10226,6109,70810,Indiana,2015
18039,Elkhart,44797,34111,14861,8556,127871,Indiana,2015
18043,Floyd,15535,16626,8659,6230,52201,Indiana,2015
18053,Grant,,,,,,Indiana,2015
18057,Hamilton,32849,46749,71657,39926,199469,Indiana,2015
18059,Hancock,,,,,,Indiana,2015
18063,Hendricks,28191,30466,27868,11117,103812,Indiana,2015
18067,Howard,,,,,,Indiana,2015
18081,Johnson,32795,26583,22693,8984,98950,Indiana,2015
18085,Kosciusko,19031,14522,6998,3660,51872,Indiana,2015
18089,Lake,113895,101598,48176,22639,326085,Indiana,2015
18091,LaPorte,29384,24298,8418,5183,77191,Indiana,2015
18095,Madison,35548,26422,11077,5375,89422,Indiana,2015
18097,Marion,169228,172509,117946,61927,615123,Indiana,2015
18105,Monroe,17009,20974,20004,17389,81203,Indiana,2015
18109,Morgan,,,,,,Indiana,2015
18127,Porter,39517,33603,18629,12190,112978,Indiana,2015
18141,St.,54193,48490,29848,18414,173881,Indiana,2015
18157,Tippecanoe,26418,29779,19148,16664,101714,Indiana,2015
18163,Vanderburgh,43743,36218,19482,10874,122713,Indiana,2015
18167,Vigo,20679,20438,10255,7275,68409,Indiana,2015
18177,Wayne,,,,,,Indiana,2015
19013,Black,25247,26812,15594,9009,84231,Iowa,2015
19049,Dallas,10423,14608,16213,7794,51967,Iowa,2015
19061,Dubuque,20635,18372,13488,6450,64517,Iowa,2015
19103,Johnson,17968,22585,22232,17715,84730,Iowa,2015
19113,Linn,43075,53121,30086,13145,147148,Iowa,2015
19153,Polk,78175,94614,75126,32444,307822,Iowa,2015
19155,Pottawattamie,20993,21112,9469,3780,63153,Iowa,2015
19163,Scott,35370,36379,21455,14209,116322,Iowa,2015
19169,Story,8331,13999,13666,11668,49115,Iowa,2015
19193,Woodbury,23084,19012,10556,3668,65094,Iowa,2015
20015,Butler,10854,17306,8088,4345,43829,Kansas,2015
20045,Douglas,13961,17197,16688,15060,67537,Kansas,2015
20091,Johnson,60269,98576,136152,79039,388301,Kansas,2015
20103,Leavenworth,14665,17988,9331,5732,53089,Kansas,2015
20161,Riley,7383,12286,9304,6436,37098,Kansas,2015
20173,Sedgwick,91258,108690,57757,33021,328110,Kansas,2015
20177,Shawnee,34993,37438,23527,12676,119391,Kansas,2015
20209,Wyandotte,34692,28378,11133,5222,102070,Kansas,2015
21015,Boone,22812,27404,17738,8656,83047,Kentucky,2015
21029,Bullitt,,,,,,Kentucky,2015
21037,Campbell,18281,15813,12756,7342,62300,Kentucky,2015
21047,Christian,13491,14966,3738,3499,41659,Kentucky,2015
21059,Daviess,23790,21031,8272,5881,66472,Kentucky,2015
21067,Fayette,41446,56991,46002,38472,203167,Kentucky,2015
21093,Hardin,20708,25087,8342,7207,69828,Kentucky,2015
21111,Jefferson,142994,155018,105048,71225,524924,Kentucky,2015
21117,Kenton,34611,33235,19149,11786,111443,Kentucky,2015
21145,McCracken,,,,,,Kentucky,2015
21151,Madison,14833,14982,9187,6218,54045,Kentucky,2015
21195,Pike,,,,,,Kentucky,2015
21227,Warren,20845,21736,14582,8515,75515,Kentucky,2015
22005,Ascension,,,,,,Louisiana,2015
22015,Bossier,24122,29482,12410,7070,82132,Louisiana,2015
22017,Caddo,57418,48647,25385,14429,167186,Louisiana,2015
22019,Calcasieu,44854,38759,19265,9552,130965,Louisiana,2015
22033,East,78527,80951,60918,35766,279850,Louisiana,2015
22045,Iberia,,,,,,Louisiana,2015
01003,Baldwin,45574,42545,30163,12237,143738,Alabama,2015
01015,Calhoun,23578,27141,7585,5976,78387,Alabama,2015
01043,Cullman,,,,,,Alabama,2015
01049,DeKalb,,,,,,Alabama,2015
01051,Elmore,,,,,,Alabama,2015
01055,Etowah,22464,25135,7787,4588,71551,Alabama,2015
01069,Houston,22794,23788,9046,6147,71431,Alabama,2015
01073,Jefferson,117780,140846,87278,54620,449424,Alabama,2015
01077,Lauderdale,21307,18074,8559,6297,63258,Alabama,2015
01081,Lee,21624,31058,18834,12749,92177,Alabama,2015
01083,Limestone,19758,17117,9714,6667,63202,Alabama,2015
01089,Madison,53324,66638,62494,36770,240035,Alabama,2015
01095,Marshall,18350,21219,6496,4196,63824,Alabama,2015
01097,Mobile,89842,81709,45416,19832,277665,Alabama,2015
01101,Montgomery,37535,42543,29246,17686,148631,Alabama,2015
01103,Morgan,22899,26895,12763,5573,82551,Alabama,2015
01115,St.,,,,,,Alabama,2015
01117,Shelby,30628,41628,39713,17311,141017,Alabama,2015
01121,Talladega,,,,,,Alabama,2015
01125,Tuscaloosa,37619,32081,25056,13816,125421,Alabama,2015
01127,Walker,,,,,,Alabama,2015
02020,Anchorage,45726,65764,41798,25847,190006,Alaska,2015
02090,Fairbanks,11616,24558,13486,7028,59492,Alaska,2015
02170,Matanuska-Susitna,20428,24863,8235,4578,63447,Alaska,2015
04001,Apache,,,,,,Arizona,2015
04003,Cochise,20686,38685,11196,6460,89293,Arizona,2015
04005,Coconino,17869,27498,13804,12785,80427,Arizona,2015
04013,Maricopa,632157,906644,539022,301335,2742502,Arizona,2015
04015,Mohave,59834,53422,11810,6556,153740,Arizona,2015
04017,Navajo,21913,24745,6105,4629,68489,Arizona,2015
04019,Pima,153272,222830,120656,87298,668691,Arizona,2015
04021,Pinal,79800,105104,31291,17365,278655,Arizona,2015
04025,Yavapai,42265,65751,27509,17337,169500,Arizona,2015
04027,Yuma,30530,40531,12728,7082,128566,Arizona,2015
05007,Benton,48150,40773,34928,18092,162146,Arkansas,2015
05031,Craighead,22071,20749,10623,5929,66273,Arkansas,2015
05045,Faulkner,20539,24624,14153,9305,74421,Arkansas,2015
05051,Garland,22093,25284,8118,5369,69624,Arkansas,2015
05069,Jefferson,,,,,,Arkansas,2015
05085,Lonoke,,,,,,Arkansas,2015
05119,Pulaski,65229,79441,56591,33147,264419,Arkansas,2015
05125,Saline,26928,25050,12291,7861,80507,Arkansas,2015
05131,Sebastian,25851,27190,11781,4128,84889,Arkansas,2015
05143,Washington,36416,35208,27621,16140,135521,Arkansas,2015
05145,White,,,,,,Arkansas,2015
06001,Alameda,207825,278310,299391,217724,1145989,California,2015
06007,Butte,30850,57774,29188,11377,146064,California,2015
06013,Contra,137662,236923,194193,115141,769664,California,2015
06017,El,29712,49801,27607,16247,132110,California,2015
06019,Fresno,138164,187697,75789,37701,590620,California,2015
06023,Humboldt,20210,35249,15653,9010,90540,California,2015
06025,Imperial,23264,33910,10173,5487,109306,California,2015
06029,Kern,153819,148123,57137,28353,528165,California,2015
06031,Kings,22123,30324,10273,4663,92734,California,2015
06033,Lake,,,,,,California,2015
06037,Los,1453271,1784430,1382575,731271,6852650,California,2015
06039,Madera,25581,30156,10734,4210,97105,California,2015
06041,Marin,20734,43133,65441,47177,191099,California,2015
06045,Mendocino,16903,21031,11172,5568,62101,California,2015
06047,Merced,38417,45208,14641,7844,155645,California,2015
06053,Monterey,53452,71787,40275,23494,273998,California,2015
06055,Napa,17658,33397,21600,10764,98697,California,2015
06057,Nevada,15831,28946,16494,8933,74927,California,2015
06059,Orange,370756,603033,538334,293604,2146420,California,2015
06061,Placer,50279,97093,65707,30765,261189,California,2015
06065,Riverside,403935,494410,199704,112656,1506481,California,2015
06067,Sacramento,224560,351604,200616,95739,1000997,California,2015
06071,San,353060,433554,165281,91370,1322402,California,2015
06073,San,416810,675786,501923,319496,2209465,California,2015
06075,San,87434,134438,227064,150105,683821,California,2015
06077,San,119955,148527,57597,27681,452979,California,2015
06079,San,38403,66808,39804,24010,187193,California,2015
06081,San,83181,139632,149916,107035,545516,California,2015
06083,Santa,48687,79551,54906,36084,273982,California,2015
06085,Santa,194028,303380,346350,304596,1315014,California,2015
06087,Santa,27569,56083,40200,25934,178043,California,2015
06089,Shasta,32157,54515,18123,9782,126950,California,2015
06095,Solano,72595,110365,54767,21215,295732,California,2015
06097,Sonoma,68387,124996,73795,43250,356680,California,2015
06099,Stanislaus,96626,109235,36954,18782,338947,California,2015
06101,Sutter,15115,22084,6487,3620,62179,California,2015
06107,Tulare,64964,81896,27041,10914,267457,California,2015
06111,Ventura,103764,179472,117648,66985,564044,California,2015
06113,Yolo,22579,34010,27563,25769,125505,California,2015
06115,Yuba,10729,21591,4606,1853,46896,California,2015
08001,Adams,86171,98813,49063,22129,312281,Colorado,2015
08005,Arapahoe,86958,133297,111725,62025,423411,Colorado,2015
08013,Boulder,26844,43268,69676,55183,206135,Colorado,2015
08014,Broomfield,6719,11658,15436,9776,44959,Colorado,2015
08031,Denver,79629,107610,138565,89360,483833,Colorado,2015
08035,Douglas,26224,61873,76105,41248,209300,Colorado,2015
08041,El,93574,155939,97132,59425,429737,Colorado,2015
08059,Jefferson,88016,117709,109630,64145,402171,Colorado,2015
08069,Larimer,43576,64298,60222,40117,217339,Colorado,2015
08077,Mesa,25906,34610,20676,9600,99999,Colorado,2015
08101,Pueblo,31871,40693,15842,8044,110570,Colorado,2015
08123,Weld,47981,62338,31679,15102,180362,Colorado,2015
09001,Fairfield,149055,131981,167323,129326,641084,Connecticut,2015
09003,Hartford,168085,154360,131824,100215,620970,Connecticut,2015
09005,Litchfield,40956,37868,25433,19846,134989,Connecticut,2015
09007,Middlesex,31642,30111,26726,20829,117835,Connecticut,2015
09009,New,180605,147845,113143,90682,594403,Connecticut,2015
09011,New,58447,51321,35537,27746,189272,Connecticut,2015
09013,Tolland,24387,26372,23730,15847,95512,Connecticut,2015
09015,Windham,25739,25632,12217,7620,80653,Connecticut,2015
10001,Kent,38532,35750,14941,9325,113970,Delaware,2015
10003,New,105557,103601,78846,57211,379660,Delaware,2015
10005,Sussex,50721,44191,23794,17812,159006,Delaware,2015
11001,District,82181,74109,112629,155716,472884,District of Columbia,2015
12001,Alachua,33392,42778,36023,32932,156666,Florida,2015
12005,Bay,38826,45092,18672,10455,126819,Florida,2015
12009,Brevard,123546,141683,72438,46147,418232,Florida,2015
12011,Broward,364943,381596,275221,154235,1332717,Florida,2015
12015,Charlotte,55158,43695,18561,11242,141657,Florida,2015
12017,Citrus,44416,33855,11212,6964,111992,Florida,2015
12019,Clay,44542,46823,23245,9572,137977,Florida,2015
12021,Collier,69969,68513,57501,36942,268250,Florida,2015
12023,Columbia,16781,16775,4717,2380,46889,Florida,2015
12031,Duval,171296,199559,121472,58088,619036,Florida,2015
12033,Escambia,58646,78692,33796,18375,207410,Florida,2015
12035,Flagler,25755,27294,13728,6735,78457,Florida,2015
12053,Hernando,49142,46190,14998,8300,134219,Florida,2015
12055,Highlands,28306,21385,7703,5399,74414,Florida,2015
12057,Hillsborough,238276,269822,187657,108245,911606,Florida,2015
12061,Indian,39047,31721,14595,13832,111187,Florida,2015
12069,Lake,79771,82644,36496,17593,239426,Florida,2015
12071,Lee,163056,154924,83120,53838,522733,Florida,2015
12073,Leon,32276,48856,41255,31861,165784,Florida,2015
12081,Manatee,84698,78991,44362,27796,267980,Florida,2015
12083,Marion,97176,77552,33387,16611,253157,Florida,2015
12085,Martin,27563,39908,26314,14112,118719,Florida,2015
12086,Miami-Dade,543897,463037,331466,188971,1900999,Florida,2015
12087,Monroe,14788,19216,13581,7351,60719,Florida,2015
12089,Nassau,21041,17274,7482,5562,57352,Florida,2015
12091,Okaloosa,32869,50856,27103,13539,135944,Florida,2015
12095,Orange,220695,261876,185472,88758,853661,Florida,2015
12097,Osceola,70126,73255,30283,12311,211863,Florida,2015
12099,Palm,250196,298495,235235,135557,1037416,Florida,2015
12101,Pasco,116638,123246,51700,27762,359938,Florida,2015
12103,Pinellas,207443,235023,141158,74957,723146,Florida,2015
12105,Polk,159990,127639,56693,28629,446224,Florida,2015
12107,Putnam,19551,16334,3267,2017,51497,Florida,2015
12109,St.,34500,45976,45861,25455,159933,Florida,2015
12111,St.,75783,63770,26364,16603,215288,Florida,2015
12113,Santa,29938,41171,22442,10180,116678,Florida,2015
12115,Sarasota,96469,88950,66917,45170,320744,Florida,2015
12117,Seminole,68669,112737,76971,35642,313322,Florida,2015
33013,Merrimack,28077,34526,20689,15138,104759,New Hampshire,2015
33015,Rockingham,56762,61097,56449,33270,217961,New Hampshire,2015
33017,Strafford,21186,24168,18972,10591,81305,New Hampshire,2015
34001,Atlantic,61598,48126,35671,15327,187759,New Jersey,2015
34003,Bergen,159043,136254,200525,112479,660605,New Jersey,2015
34005,Burlington,90565,89785,75762,37829,313872,New Jersey,2015
34007,Camden,104204,94007,70556,40922,348820,New Jersey,2015
34009,Cape,22963,19495,13958,7819,70934,New Jersey,2015
34011,Cumberland,46424,22586,10721,3606,106002,New Jersey,2015
34013,Essex,147817,120421,111450,71003,531804,New Jersey,2015
34015,Gloucester,69023,54116,39301,19757,199075,New Jersey,2015
34017,Hudson,129345,85118,120314,67451,479317,New Jersey,2015
34019,Hunterdon,18945,19630,27711,16388,87796,New Jersey,2015
34021,Mercer,65887,57825,49212,45576,248659,New Jersey,2015
34023,Middlesex,153041,117124,140803,98292,576760,New Jersey,2015
34025,Monmouth,108486,106249,116263,76280,437260,New Jersey,2015
34027,Morris,80019,70770,102540,76224,347632,New Jersey,2015
34029,Ocean,143289,115252,76239,36582,406745,New Jersey,2015
34031,Passaic,120973,70495,55572,27673,336082,New Jersey,2015
34033,Salem,,,,,,New Jersey,2015
34035,Somerset,48070,47383,69330,54578,230265,New Jersey,2015
34037,Sussex,32157,27534,25436,10785,101279,New Jersey,2015
34039,Union,114517,80301,73448,51883,374869,New Jersey,2015
34041,Warren,23444,20566,16056,7521,75885,New Jersey,2015
35001,Bernalillo,108556,143546,77319,70155,459048,New Mexico,2015
35005,Chaves,14650,11864,4665,1983,42132,New Mexico,2015
35013,Do?a,30320,38680,19287,14999,129813,New Mexico,2015
35025,Lea,,,,,,New Mexico,2015
35031,McKinley,14572,14363,2342,2326,44475,New Mexico,2015
35035,Otero,9311,16297,3719,3325,41914,New Mexico,2015
35043,Sandoval,24299,32355,16178,11540,94364,New Mexico,2015
35045,San,26321,26299,5634,5212,76791,New Mexico,2015
35049,Santa,23088,28621,20745,23679,108701,New Mexico,2015
35061,Valencia,,,,,,New Mexico,2015
36001,Albany,51729,59544,40903,37027,205644,New York,2015
36005,Bronx,255555,219346,122969,61292,925619,New York,2015
36007,Broome,40370,42514,19578,16092,130226,New York,2015
36009,Cattaraugus,21879,15186,5421,3527,53105,New York,2015
36011,Cayuga,18116,18574,6774,5392,55099,New York,2015
36013,Chautauqua,32567,28068,11065,7619,89955,New York,2015
36015,Chemung,21543,19108,7729,7022,60894,New York,2015
36019,Clinton,19316,17013,5225,5207,55316,New York,2015
36027,Dutchess,57428,59802,38158,30968,204122,New York,2015
36029,Erie,183204,191942,116369,90477,641966,New York,2015
36045,Jefferson,22713,26637,9745,7140,73484,New York,2015
36047,Kings,455841,351748,383350,247742,1786153,New York,2015
36051,Livingston,13463,13402,5962,4854,42741,New York,2015
36053,Madison,,,,,,New York,2015
36055,Monroe,126626,145420,106007,81230,511762,New York,2015
36059,Nassau,229550,217133,227876,183270,941082,New York,2015
36061,New,147713,175081,403019,355662,1249729,New York,2015
36063,Niagara,51796,50286,18828,14118,150390,New York,2015
36065,Oneida,55104,49954,22579,14243,161243,New York,2015
36067,Onondaga,80618,93640,66130,47246,316489,New York,2015
36069,Ontario,20911,25479,12879,12547,76383,New York,2015
36071,Orange,72119,71913,42274,29463,239919,New York,2015
36075,Oswego,32667,25012,8277,4735,80328,New York,2015
36079,Putnam,,,,,,New York,2015
36081,Queens,459679,367954,331539,180349,1659446,New York,2015
36083,Rensselaer,32261,37166,16705,15454,110582,New York,2015
36085,Richmond,103305,84577,60994,44778,327568,New York,2015
36087,Rockland,48285,50460,43273,36714,205316,New York,2015
36089,St.,26488,20609,8732,8329,71768,New York,2015
36091,Saratoga,44948,43551,37274,26317,160560,New York,2015
36093,Schenectady,30190,30630,19494,14854,106110,New York,2015
36101,Steuben,25353,19286,9196,7502,68245,New York,2015
36103,Suffolk,291757,279487,195968,160245,1032219,New York,2015
36105,Sullivan,17468,15507,6048,5961,52469,New York,2015
36109,Tompkins,12442,12234,14920,17909,59768,New York,2015
36111,Ulster,41056,34449,21810,18599,128981,New York,2015
36113,Warren,,,,,,New York,2015
36117,Wayne,22672,21353,7340,5158,63725,New York,2015
36119,Westchester,132206,134812,159043,154017,667452,New York,2015
37001,Alamance,28900,35325,17758,6510,106205,North Carolina,2015
37019,Brunswick,26550,30895,17051,9094,94213,North Carolina,2015
37021,Buncombe,46872,50535,41528,25813,183805,North Carolina,2015
37023,Burke,18015,22305,6953,4056,63508,North Carolina,2015
37025,Cabarrus,33305,43410,25996,12399,129358,North Carolina,2015
37027,Caldwell,18416,20608,5163,2419,58350,North Carolina,2015
37031,Carteret,11942,19184,9616,5612,51277,North Carolina,2015
37035,Catawba,31361,32544,16112,8743,105902,North Carolina,2015
37037,Chatham,,,,,,North Carolina,2015
37045,Cleveland,25353,20722,5122,3801,66629,North Carolina,2015
37049,Craven,18392,26071,10784,5889,67760,North Carolina,2015
37051,Cumberland,51117,79400,33513,18407,200638,North Carolina,2015
37057,Davidson,37115,35406,17967,5612,115402,North Carolina,2015
37063,Durham,36998,47721,49608,43582,204502,North Carolina,2015
37067,Forsyth,64073,68928,54141,30037,244644,North Carolina,2015
37071,Gaston,47409,48248,19077,9078,146563,North Carolina,2015
37081,Guilford,79165,106926,75834,42712,345581,North Carolina,2015
37085,Harnett,25006,28227,10541,5557,80869,North Carolina,2015
37089,Henderson,19640,27408,16609,8915,84008,North Carolina,2015
37097,Iredell,31550,37613,21341,9693,115261,North Carolina,2015
37101,Johnston,36917,40960,17455,7480,121703,North Carolina,2015
37109,Lincoln,,,,,,North Carolina,2015
37119,Mecklenburg,130538,185658,192974,103729,685761,North Carolina,2015
37125,Moore,15814,19198,12968,9942,67394,North Carolina,2015
37127,Nash,,,,,,North Carolina,2015
37129,New,33012,51951,35947,19360,149637,North Carolina,2015
37133,Onslow,32902,38367,15629,5379,101004,North Carolina,2015
37135,Orange,14265,16399,21030,27668,86193,North Carolina,2015
37147,Pitt,26330,34537,21187,12056,105143,North Carolina,2015
37151,Randolph,32777,30396,10076,4605,97984,North Carolina,2015
37155,Robeson,,,,,,North Carolina,2015
37157,Rockingham,24153,21265,6482,2677,65073,North Carolina,2015
37159,Rowan,31233,31699,11750,3841,94559,North Carolina,2015
37161,Rutherford,,,,,,North Carolina,2015
37171,Surry,,,,,,North Carolina,2015
37179,Union,33073,45398,34185,14702,140378,North Carolina,2015
37183,Wake,112087,173322,214728,123254,674517,North Carolina,2015
37191,Wayne,24342,28097,12028,6091,82719,North Carolina,2015
37193,Wilkes,,,,,,North Carolina,2015
37195,Wilson,,,,,,North Carolina,2015
38015,Burleigh,14056,21871,16957,6016,63214,North Dakota,2015
38017,Cass,24161,39763,26046,11276,106748,North Dakota,2015
38035,Grand,10122,14288,9822,5044,41195,North Dakota,2015
38101,Ward,12424,15501,10318,2141,43349,North Dakota,2015
39003,Allen,27268,23146,7815,5757,70033,Ohio,2015
39007,Ashtabula,,,,,,Ohio,2015
39009,Athens,12572,9281,4382,6669,36777,Ohio,2015
39013,Belmont,20135,16745,5668,3176,50794,Ohio,2015
39017,Butler,78777,63534,45262,24601,240495,Ohio,2015
39023,Clark,34816,29950,10183,6322,93014,Ohio,2015
39025,Clermont,43842,43693,26764,12456,138619,Ohio,2015
39029,Columbiana,33415,20038,7742,3088,75404,Ohio,2015
39035,Cuyahoga,247300,260002,154605,112050,873369,Ohio,2015
39041,Delaware,24636,28826,45012,22572,124758,Ohio,2015
49011,Davis,39560,73326,48865,21039,193212,Utah,2015
49035,Salt,169366,223349,147696,79624,687924,Utah,2015
49049,Utah,47615,105499,73207,33718,279931,Utah,2015
49053,Washington,26271,38039,14232,10955,96848,Utah,2015
49057,Weber,48404,52152,24446,10035,149380,Utah,2015
50007,Chittenden,20626,25063,32450,20178,105355,Vermont,2015
51003,Albemarle,11062,18492,18780,17948,71011,Virginia,2015
51013,Arlington,11295,21550,59126,66867,171583,Virginia,2015
51015,Augusta,,,,,,Virginia,2015
51019,Bedford,16480,16485,9485,5423,56001,Virginia,2015
51041,Chesterfield,54636,66046,50555,33447,223181,Virginia,2015
51059,Fairfax,107904,144802,236465,223879,774691,Virginia,2015
51061,Fauquier,,,,,,Virginia,2015
51069,Frederick,,,,,,Virginia,2015
51085,Hanover,19734,21228,17224,7566,71095,Virginia,2015
51087,Henrico,46069,60845,60648,38073,223827,Virginia,2015
51095,James,9493,15837,14374,10945,53615,Virginia,2015
51107,Loudoun,32460,48067,87085,56975,239384,Virginia,2015
51121,Montgomery,11579,12957,14104,12237,55195,Virginia,2015
51153,Prince,58152,78008,68574,44991,286217,Virginia,2015
51161,Roanoke,15874,22714,15369,8731,67287,Virginia,2015
51165,Rockingham,18049,12506,7906,4972,53621,Virginia,2015
51177,Spotsylvania,27479,22728,16458,10350,85948,Virginia,2015
51179,Stafford,19599,31512,18097,14089,89541,Virginia,2015
51199,York,,,,,,Virginia,2015
51510,Alexandria,15701,21904,31611,38266,116855,Virginia,2015
51550,Chesapeake,36904,57260,31549,18490,157207,Virginia,2015
51650,Hampton,24070,35403,15019,7530,91099,Virginia,2015
51680,Lynchburg,11961,12618,8660,6207,45037,Virginia,2015
51700,Newport,31805,44602,17987,10529,115693,Virginia,2015
51710,Norfolk,43033,48491,23859,16346,150965,Virginia,2015
51740,Portsmouth,17261,21282,9483,5263,62610,Virginia,2015
51760,Richmond,35106,37005,34707,21884,150042,Virginia,2015
51770,Roanoke,23073,20876,9380,5706,69434,Virginia,2015
51800,Suffolk,16438,18286,9519,6654,58380,Virginia,2015
51810,Virginia,68972,114876,66017,33941,305033,Virginia,2015
53005,Benton,30252,42991,23333,12824,122437,Washington,2015
53007,Chelan,,,,,,Washington,2015
53009,Clallam,14955,22450,9221,5120,55368,Washington,2015
53011,Clark,75690,118790,56081,28458,307163,Washington,2015
53015,Cowlitz,22934,28677,6899,5497,71960,Washington,2015
53021,Franklin,13824,14760,5889,3440,49854,Washington,2015
53025,Grant,,,,,,Washington,2015
53027,Grays,17049,19837,5865,2528,50081,Washington,2015
53029,Island,13937,23016,13105,5922,59006,Washington,2015
53033,King,239764,400927,462506,288328,1498491,Washington,2015
53035,Kitsap,41321,73386,35769,18750,178483,Washington,2015
53041,Lewis,15700,21376,5598,3847,53293,Washington,2015
53053,Pierce,161383,208347,96412,47633,560868,Washington,2015
53057,Skagit,23419,32851,13330,7274,84596,Washington,2015
53061,Snohomish,126639,187522,117936,52193,528189,Washington,2015
53063,Spokane,85554,129459,59188,35268,331853,Washington,2015
53067,Thurston,42113,68417,37416,23540,186672,Washington,2015
53073,Whatcom,34472,48900,29535,16350,138988,Washington,2015
53077,Yakima,44579,40888,14636,8953,149845,Washington,2015
54003,Berkeley,29887,23883,8218,5397,76318,West Virginia,2015
54011,Cabell,19145,21727,9234,6807,64220,West Virginia,2015
54033,Harrison,17416,14449,6723,3871,48543,West Virginia,2015
54039,Kanawha,52944,33514,19522,15152,136391,West Virginia,2015
54061,Monongalia,18942,14366,13194,12937,64719,West Virginia,2015
54081,Raleigh,,,,,,West Virginia,2015
54107,Wood,22028,19683,7846,4372,61044,West Virginia,2015
55009,Brown,53911,54931,35530,13563,172321,Wisconsin,2015
55025,Dane,63408,95531,99271,66586,341678,Wisconsin,2015
55027,Dodge,26919,18941,7557,3275,63013,Wisconsin,2015
39043,Erie,,,,,,Ohio,2015
39045,Fairfield,36946,31097,17746,8450,102239,Ohio,2015
39049,Franklin,207546,224485,204371,115906,831753,Ohio,2015
39055,Geauga,16218,17014,16381,7575,63984,Ohio,2015
39057,Greene,30621,30664,21219,17994,108815,Ohio,2015
39061,Hamilton,148112,150620,124356,74518,543425,Ohio,2015
39063,Hancock,,,,,,Ohio,2015
39081,Jefferson,20310,15502,4165,3082,47460,Ohio,2015
39085,Lake,56810,52874,27010,14604,163767,Ohio,2015
39089,Licking,39771,37868,17338,9072,114553,Ohio,2015
39093,Lorain,68159,72015,30386,18220,208974,Ohio,2015
39095,Lucas,89270,98612,44357,27085,291369,Ohio,2015
39099,Mahoning,61827,48500,24953,13484,163542,Ohio,2015
39101,Marion,,,,,,Ohio,2015
39103,Medina,39213,33993,28843,12028,122029,Ohio,2015
39109,Miami,25631,22104,10158,5847,72080,Ohio,2015
39113,Montgomery,103008,125482,58476,41737,363896,Ohio,2015
39119,Muskingum,,,,,,Ohio,2015
39133,Portage,39361,28839,18094,9545,104066,Ohio,2015
39139,Richland,34384,26420,8086,4081,84510,Ohio,2015
39141,Ross,,,,,,Ohio,2015
39145,Scioto,,,,,,Ohio,2015
39151,Stark,98606,80630,34811,21576,259708,Ohio,2015
39153,Summit,121606,106330,72901,44713,378407,Ohio,2015
39155,Trumbull,66083,37493,17047,8256,144981,Ohio,2015
39157,Tuscarawas,,,,,,Ohio,2015
39165,Warren,35853,43700,39308,21055,149391,Ohio,2015
39169,Wayne,29095,17638,10653,6409,76365,Ohio,2015
39173,Wood,25244,24893,15420,10368,80441,Ohio,2015
40017,Canadian,25524,32497,16132,6239,87279,Oklahoma,2015
40027,Cleveland,42353,58950,34427,22427,172966,Oklahoma,2015
40031,Comanche,25464,27930,10483,5275,77646,Oklahoma,2015
40037,Creek,19548,13986,5526,2318,47706,Oklahoma,2015
40101,Muskogee,15416,14133,6147,2060,45895,Oklahoma,2015
40109,Oklahoma,131975,146406,97438,57780,503983,Oklahoma,2015
40119,Payne,11634,13089,9721,6540,43765,Oklahoma,2015
40125,Pottawatomie,17122,15528,6252,2013,47144,Oklahoma,2015
40131,Rogers,20618,20531,11000,3947,60842,Oklahoma,2015
40143,Tulsa,106816,138604,86468,40321,417508,Oklahoma,2015
40145,Wagoner,17082,18314,8392,3104,51225,Oklahoma,2015
41003,Benton,7898,12918,15964,13187,52894,Oregon,2015
41005,Clackamas,62373,95328,65745,36228,280713,Oregon,2015
41017,Deschutes,26175,48483,28855,16922,125575,Oregon,2015
41019,Douglas,25319,33089,7641,4187,79477,Oregon,2015
41029,Jackson,45058,52887,24693,14395,152758,Oregon,2015
41033,Josephine,21841,25069,4842,3878,62429,Oregon,2015
41035,Klamath,13502,19562,5190,3437,46462,Oregon,2015
41039,Lane,59272,92711,44760,27105,246605,Oregon,2015
41043,Linn,25058,35558,10893,3449,83387,Oregon,2015
41047,Marion,60809,77811,31155,16257,216532,Oregon,2015
41051,Multnomah,96656,167248,152140,98442,570018,Oregon,2015
41053,Polk,,,,,,Oregon,2015
41059,Umatilla,13310,18469,4995,2552,48417,Oregon,2015
41067,Washington,65927,122480,104563,61488,390123,Oregon,2015
41071,Yamhill,18281,25341,11180,5545,68277,Oregon,2015
42001,Adams,29740,19207,8933,6092,71589,Pennsylvania,2015
42003,Allegheny,253897,222645,202822,148293,885217,Pennsylvania,2015
42005,Armstrong,24402,11523,5315,2874,49257,Pennsylvania,2015
42007,Beaver,47854,38166,17728,8829,123071,Pennsylvania,2015
42011,Berks,105444,69668,44453,23831,280020,Pennsylvania,2015
42013,Blair,,,,,,Pennsylvania,2015
42017,Bucks,128410,113465,103707,68751,444017,Pennsylvania,2015
42019,Butler,45064,35565,28718,15535,131759,Pennsylvania,2015
42021,Cambria,44440,24010,12584,8037,97536,Pennsylvania,2015
42025,Carbon,,,,,,Pennsylvania,2015
42027,Centre,31105,17636,22613,18893,96414,Pennsylvania,2015
42029,Chester,73575,72498,107748,70248,349154,Pennsylvania,2015
42033,Clearfield,30352,13831,4864,2022,59088,Pennsylvania,2015
42037,Columbia,19151,10496,5477,3624,43641,Pennsylvania,2015
42039,Crawford,26580,14062,7526,4670,60053,Pennsylvania,2015
42041,Cumberland,57776,41249,36473,21305,170778,Pennsylvania,2015
42043,Dauphin,63477,50066,34246,18819,186648,Pennsylvania,2015
42045,Delaware,122529,91074,80140,58939,380278,Pennsylvania,2015
42049,Erie,73294,49324,33029,16476,187773,Pennsylvania,2015
42051,Fayette,47611,22572,10203,5723,97672,Pennsylvania,2015
42055,Franklin,47471,24484,13226,8278,106517,Pennsylvania,2015
42063,Indiana,26444,12693,6149,4406,55819,Pennsylvania,2015
42069,Lackawanna,55154,39073,25431,13745,149286,Pennsylvania,2015
42071,Lancaster,130622,79490,58019,34248,358036,Pennsylvania,2015
42073,Lawrence,28344,14534,8411,4590,62917,Pennsylvania,2015
42075,Lebanon,41100,21082,9763,7604,93143,Pennsylvania,2015
42077,Lehigh,77771,65541,42582,30344,245487,Pennsylvania,2015
42079,Luzerne,89440,63960,29931,20354,227086,Pennsylvania,2015
42081,Lycoming,34067,19082,12270,6440,81534,Pennsylvania,2015
42085,Mercer,35196,17241,11917,6833,79896,Pennsylvania,2015
42089,Monroe,40681,31616,19572,8631,113149,Pennsylvania,2015
42091,Montgomery,145232,121215,155712,117286,574533,Pennsylvania,2015
42095,Northampton,71358,59154,37072,20677,208973,Pennsylvania,2015
42097,Northumberland,,,,,,Pennsylvania,2015
42101,Philadelphia,346789,238001,173106,114791,1050747,Pennsylvania,2015
42107,Schuylkill,51361,26438,10814,6160,106305,Pennsylvania,2015
42111,Somerset,28330,11572,5534,2799,56099,Pennsylvania,2015
42125,Washington,56297,37583,29348,14009,148540,Pennsylvania,2015
42129,Westmoreland,101923,73813,45862,24260,262221,Pennsylvania,2015
42133,York,126219,78186,46559,23142,307046,Pennsylvania,2015
44003,Kent,34609,37793,24391,13440,121060,Rhode Island,2015
44005,Newport,13236,14906,17565,10008,59309,Rhode Island,2015
44007,Providence,131316,111201,69774,49337,429769,Rhode Island,2015
44009,Washington,19211,24517,21034,16855,85730,Rhode Island,2015
45003,Aiken,36136,32142,17767,10544,114141,South Carolina,2015
45007,Anderson,40592,45526,16855,8252,132469,South Carolina,2015
45013,Beaufort,27697,36527,33667,18359,126322,South Carolina,2015
45015,Berkeley,41395,45675,22997,9697,133941,South Carolina,2015
45019,Charleston,64143,69341,75903,40432,274041,South Carolina,2015
45031,Darlington,,,,,,South Carolina,2015
45035,Dorchester,29101,36244,16488,10953,100662,South Carolina,2015
45041,Florence,32889,26160,14110,5318,92922,South Carolina,2015
45045,Greenville,83398,93141,68367,39638,331397,South Carolina,2015
45047,Greenwood,,,,,,South Carolina,2015
45051,Horry,71237,75036,34710,18889,225712,South Carolina,2015
45057,Lancaster,,,,,,South Carolina,2015
45059,Laurens,,,,,,South Carolina,2015
45063,Lexington,53368,59783,38231,20743,192744,South Carolina,2015
45073,Oconee,14981,16827,7644,5877,54759,South Carolina,2015
45075,Orangeburg,,,,,,South Carolina,2015
45077,Pickens,26591,22247,9512,7294,76871,South Carolina,2015
45079,Richland,58233,77710,56361,37475,252046,South Carolina,2015
45083,Spartanburg,55227,62507,32620,13845,198161,South Carolina,2015
45085,Sumter,20294,24106,7309,4455,68051,South Carolina,2015
45091,York,46319,49533,38069,16964,167150,South Carolina,2015
46099,Minnehaha,33947,39480,27301,9843,121634,South Dakota,2015
46103,Pennington,20972,26369,16184,6804,73739,South Dakota,2015
47001,Anderson,,,,,,Tennessee,2015
47009,Blount,30577,26551,14594,6799,90111,Tennessee,2015
47011,Bradley,,,,,,Tennessee,2015
47037,Davidson,110845,119367,110268,68656,463280,Tennessee,2015
47059,Greene,,,,,,Tennessee,2015
47065,Hamilton,68838,69267,46145,28314,245615,Tennessee,2015
47093,Knox,78709,85368,62036,46468,299569,Tennessee,2015
47113,Madison,,,,,,Tennessee,2015
47119,Maury,22868,19716,8933,2958,60774,Tennessee,2015
47125,Montgomery,38622,40846,20183,11310,118407,Tennessee,2015
47141,Putnam,18222,9497,8918,3410,47792,Tennessee,2015
47147,Robertson,,,,,,Tennessee,2015
47149,Rutherford,54509,56750,37991,17824,185319,Tennessee,2015
47155,Sevier,25153,19072,8797,4451,68589,Tennessee,2015
47157,Shelby,171426,175481,108981,72862,606362,Tennessee,2015
47163,Sullivan,37438,33853,16972,10018,113460,Tennessee,2015
47165,Sumner,39049,34489,22152,10474,118592,Tennessee,2015
47179,Washington,25892,25298,15465,9737,86526,Tennessee,2015
47187,Williamson,18860,33931,49218,29902,137281,Tennessee,2015
47189,Wilson,26280,26555,19036,7456,87244,Tennessee,2015
48005,Angelina,18289,18129,5615,3361,57538,Texas,2015
48021,Bastrop,,,,,,Texas,2015
48027,Bell,56059,75568,35661,15754,201906,Texas,2015
48029,Bexar,312124,369134,206841,111958,1201795,Texas,2015
48037,Bowie,23393,21649,5886,3363,62207,Texas,2015
48039,Brazoria,58647,67406,44794,23791,225351,Texas,2015
48041,Brazos,20399,30863,25249,20767,112155,Texas,2015
48061,Cameron,61591,61679,26828,10308,244947,Texas,2015
48085,Collin,93123,161910,194066,104401,594392,Texas,2015
48091,Comal,24109,27549,19627,9185,88878,Texas,2015
48099,Coryell,13740,21684,4335,1991,47019,Texas,2015
48113,Dallas,362190,409470,311771,176279,1621965,Texas,2015
48121,Denton,97045,155821,144255,68141,504944,Texas,2015
48135,Ector,27733,29148,11324,3874,93777,Texas,2015
48139,Ellis,30517,34410,17163,7187,104676,Texas,2015
48141,El,126535,149616,82007,33336,505803,Texas,2015
48157,Fort,82598,124246,125884,80014,456580,Texas,2015
48167,Galveston,52494,70095,44112,20836,214205,Texas,2015
48181,Grayson,28216,28932,10822,5323,84286,Texas,2015
48183,Gregg,23510,26582,11969,4883,79819,Texas,2015
48187,Guadalupe,28919,31176,16076,10612,98463,Texas,2015
48201,Harris,678238,762341,546131,311538,2871639,Texas,2015
48203,Harrison,,,,,,Texas,2015
48209,Hays,26547,35856,28180,12999,115764,Texas,2015
48213,Henderson,19682,16030,7822,3577,55597,Texas,2015
48215,Hidalgo,104675,103520,56096,24842,467992,Texas,2015
48231,Hunt,20413,17749,7163,3900,58806,Texas,2015
48245,Jefferson,56078,53227,21362,10645,168670,Texas,2015
48251,Johnson,32980,35032,13970,6154,104251,Texas,2015
48257,Kaufman,24685,23275,10069,4951,73303,Texas,2015
48291,Liberty,18794,14684,3662,1929,52598,Texas,2015
48303,Lubbock,49699,53102,28318,17710,175011,Texas,2015
48309,McLennan,42199,48965,22328,12280,148301,Texas,2015
48329,Midland,25636,33256,18570,7711,99671,Texas,2015
48339,Montgomery,81196,100299,74689,43383,347910,Texas,2015
48347,Nacogdoches,,,,,,Texas,2015
48355,Nueces,65686,73342,31870,15978,232449,Texas,2015
48361,Orange,22857,18003,6858,1988,55472,Texas,2015
48367,Parker,24491,26289,15536,6534,84438,Texas,2015
48375,Potter,21383,25439,8809,3245,76845,Texas,2015
48381,Randall,18921,31897,18053,8887,85263,Texas,2015
48397,Rockwall,,,,,,Texas,2015
48409,San,14558,11469,5630,2113,42289,Texas,2015
48423,Smith,35630,47575,23792,11630,144118,Texas,2015
48439,Tarrant,303857,385406,265390,123117,1262323,Texas,2015
48441,Taylor,25202,29249,12612,6164,82234,Texas,2015
48451,Tom,22114,22914,12505,5305,75367,Texas,2015
48453,Travis,138823,188721,243554,131371,795105,Texas,2015
48469,Victoria,18399,18440,8855,4537,59641,Texas,2015
48471,Walker,,,,,,Texas,2015
48479,Webb,40592,31883,18454,7191,147672,Texas,2015
48485,Wichita,26580,24416,12360,6432,84077,Texas,2015
48491,Williamson,67749,107519,88275,46203,332667,Texas,2015
49005,Cache,13582,21674,14045,6911,60571,Utah,2015
22051,Jefferson,95956,84746,53196,24454,305807,Louisiana,2015
22055,Lafayette,43475,43161,33191,15917,157616,Louisiana,2015
22057,Lafourche,,,,,,Louisiana,2015
22063,Livingston,35534,22728,13825,4622,89223,Louisiana,2015
22071,Orleans,60062,76125,55489,42441,272132,Louisiana,2015
22073,Ouachita,31387,27371,17540,8991,100656,Louisiana,2015
22079,Rapides,32654,22828,9390,8000,87069,Louisiana,2015
22097,St.,,,,,,Louisiana,2015
22103,St.,47114,53529,34741,17488,170823,Louisiana,2015
22105,Tangipahoa,29968,24094,11105,4315,80916,Louisiana,2015
22109,Terrebonne,,,,,,Louisiana,2015
23001,Androscoggin,26831,23227,10115,5681,74789,Maine,2015
23003,Aroostook,19312,15489,6298,3081,51054,Maine,2015
23005,Cumberland,52618,51176,61048,34520,207813,Maine,2015
23011,Kennebec,29740,26550,15079,8318,85898,Maine,2015
23019,Penobscot,36320,34156,17051,9356,107601,Maine,2015
23031,York,45258,44048,31851,14148,146307,Maine,2015
24001,Allegany,,,,,,Maryland,2015
24003,Anne,95004,107284,83940,68507,386972,Maryland,2015
24005,Baltimore,151761,153374,127582,90791,575521,Maryland,2015
24009,Calvert,19971,19867,10955,7390,60934,Maryland,2015
24013,Carroll,32932,31405,24989,16600,115606,Maryland,2015
24015,Cecil,27813,18139,8965,6714,69086,Maryland,2015
24017,Charles,34937,33213,16367,12375,103341,Maryland,2015
24021,Frederick,43219,47426,36689,26063,165190,Maryland,2015
24025,Harford,46354,52851,35999,24480,172434,Maryland,2015
24027,Howard,28832,44719,64030,63358,211021,Maryland,2015
24031,Montgomery,95539,131879,193803,220485,713839,Maryland,2015
24033,Prince,156226,172181,115768,81030,611322,Maryland,2015
24037,St.,19550,22499,15080,9573,74038,Maryland,2015
24043,Washington,40688,29276,13224,7702,104342,Maryland,2015
24045,Wicomico,20585,19876,9790,7523,64933,Maryland,2015
24510,Baltimore,127213,105767,70616,56452,425261,Maryland,2015
25001,Barnstable,41449,50794,38969,27367,165588,Massachusetts,2015
25003,Berkshire,27285,25203,17060,12940,92514,Massachusetts,2015
25005,Bristol,116185,107585,65050,37340,386666,Massachusetts,2015
25009,Essex,139995,132818,121342,83982,533931,Massachusetts,2015
25011,Franklin,,,,,,Massachusetts,2015
25013,Hampden,100930,87937,48921,32993,315041,Massachusetts,2015
25015,Hampshire,21461,25679,23715,23472,100612,Massachusetts,2015
25017,Middlesex,229031,205330,290235,304906,1106709,Massachusetts,2015
25021,Norfolk,99992,108043,136887,110844,485719,Massachusetts,2015
25023,Plymouth,101385,99636,81084,45487,352532,Massachusetts,2015
25025,Suffolk,125476,99908,130353,98783,535480,Massachusetts,2015
25027,Worcester,161512,146081,117640,75494,559061,Massachusetts,2015
26005,Allegan,,,,,,Michigan,2015
26017,Bay,,,,,,Michigan,2015
26021,Berrien,30139,35643,17985,12904,106760,Michigan,2015
26025,Calhoun,35086,29115,12329,5774,90733,Michigan,2015
26037,Clinton,14098,18508,10810,5369,51904,Michigan,2015
26045,Eaton,22039,28975,12898,7213,75730,Michigan,2015
26049,Genesee,89007,103629,37614,20149,278345,Michigan,2015
26055,Grand,16154,24745,13443,8003,66126,Michigan,2015
26065,Ingham,38012,54771,37411,28671,171803,Michigan,2015
26073,Isabella,12821,11394,5639,5406,38691,Michigan,2015
26075,Jackson,38270,36539,16749,7336,109882,Michigan,2015
26077,Kalamazoo,35138,55345,36622,26911,162569,Michigan,2015
26081,Kent,103659,128329,95554,46237,416439,Michigan,2015
26087,Lapeer,,,,,,Michigan,2015
26091,Lenawee,25832,22880,8414,3661,67689,Michigan,2015
26093,Livingston,33221,48694,26653,14842,130117,Michigan,2015
26099,Macomb,184260,211656,91394,52303,604764,Michigan,2015
26103,Marquette,14102,13604,9184,4939,44659,Michigan,2015
26111,Midland,18750,16380,12046,7634,57912,Michigan,2015
26115,Monroe,38118,37253,12722,6331,104204,Michigan,2015
26121,Muskegon,41592,41648,15577,6407,117345,Michigan,2015
26125,Oakland,163521,259010,222443,168175,869490,Michigan,2015
26139,Ottawa,49274,54447,36003,18696,172136,Michigan,2015
26145,Saginaw,45979,45642,16646,8993,132337,Michigan,2015
26147,St.,39224,43578,13048,5452,112232,Michigan,2015
26155,Shiawassee,,,,,,Michigan,2015
26159,Van,15838,17710,7184,3275,50935,Michigan,2015
26161,Washtenaw,33255,55063,60088,63467,223966,Michigan,2015
26163,Wayne,356186,380922,162183,102208,1170856,Michigan,2015
27003,Anoka,62367,86650,48195,20508,232345,Minnesota,2015
27013,Blue,9332,13848,8066,4341,37417,Minnesota,2015
27019,Carver,13462,18850,19106,9196,63615,Minnesota,2015
27037,Dakota,57894,91948,80697,33712,278328,Minnesota,2015
27053,Hennepin,144806,229428,258100,149903,845176,Minnesota,2015
27109,Olmsted,20535,31999,23632,20687,102712,Minnesota,2015
27123,Ramsey,75362,97358,89118,59258,355889,Minnesota,2015
27131,Rice,14296,12151,7583,4116,41267,Minnesota,2015
27137,St.,40266,49137,25007,13348,135834,Minnesota,2015
27139,Scott,21524,31137,24035,8700,90370,Minnesota,2015
27141,Sherburne,,,,,,Minnesota,2015
27145,Stearns,27873,35361,17088,7054,95617,Minnesota,2015
27163,Washington,37917,53265,47050,25536,170395,Minnesota,2015
27171,Wright,25809,31548,16235,6067,84559,Minnesota,2015
28033,DeSoto,33172,40400,17870,7902,111769,Mississippi,2015
28035,Forrest,13375,13853,7093,4396,46101,Mississippi,2015
28047,Harrison,39660,45117,18775,11078,131965,Mississippi,2015
28049,Hinds,40558,50710,23745,19178,153973,Mississippi,2015
28059,Jackson,30521,33737,10042,7942,95161,Mississippi,2015
28067,Jones,,,,,,Mississippi,2015
28075,Lauderdale,15493,20004,5097,3669,51975,Mississippi,2015
28081,Lee,15731,19293,8142,4495,55545,Mississippi,2015
28089,Madison,12996,20886,18177,10255,68303,Mississippi,2015
28121,Rankin,25403,36423,18456,11094,101471,Mississippi,2015
29019,Boone,22139,25406,28486,21963,104102,Missouri,2015
29021,Buchanan,21984,19506,8174,4610,60114,Missouri,2015
29031,Cape,14818,16127,9151,5338,50197,Missouri,2015
29037,Cass,23807,19954,12129,5820,68507,Missouri,2015
29043,Christian,,,,,,Missouri,2015
29047,Clay,47241,49129,34386,16143,158414,Missouri,2015
29051,Cole,16139,16302,11327,5906,52945,Missouri,2015
29071,Franklin,,,,,,Missouri,2015
29077,Greene,52646,59873,36679,20845,186568,Missouri,2015
29095,Jackson,132717,139903,88231,51460,462958,Missouri,2015
29097,Jasper,26115,22722,12235,6914,76685,Missouri,2015
29099,Jefferson,50494,54998,18034,8916,153064,Missouri,2015
29165,Platte,12827,21719,16414,10657,64548,Missouri,2015
29183,St.,68919,84834,56494,32914,258823,Missouri,2015
29187,St.,17057,14049,4609,2575,46814,Missouri,2015
29189,St.,151750,202739,168452,120586,691484,Missouri,2015
29510,St.,52431,59813,42726,33554,219675,Missouri,2015
30013,Cascade,18860,17707,9969,4285,55591,Montana,2015
30029,Flathead,,,,,,Montana,2015
30031,Gallatin,12213,17051,20417,12343,63911,Montana,2015
30049,Lewis,12210,15102,11641,5490,46664,Montana,2015
30063,Missoula,18607,21691,18580,13721,75225,Montana,2015
30111,Yellowstone,34932,33894,22692,9275,107326,Montana,2015
31055,Douglas,77901,108842,88302,47293,356429,Nebraska,2015
31109,Lancaster,41806,65524,44102,26779,189355,Nebraska,2015
31153,Sarpy,23410,40697,26353,14680,110444,Nebraska,2015
32003,Clark,405061,481654,221102,109084,1429567,Nevada,2015
32031,Washoe,70093,105595,56245,34451,306209,Nevada,2015
33005,Cheshire,,,,,,New Hampshire,2015
33009,Grafton,19062,16067,11294,12520,62759,New Hampshire,2015
33011,Hillsborough,75345,79959,65697,38774,282826,New Hampshire,2015
55035,Eau,14543,24551,13641,6878,64184,Wisconsin,2015
55039,Fond,26759,22557,10848,4434,70505,Wisconsin,2015
55055,Jefferson,19869,20039,9070,3624,57171,Wisconsin,2015
55059,Kenosha,36235,38428,17759,8299,111069,Wisconsin,2015
55063,La,20138,26742,14787,8705,74896,Wisconsin,2015
55071,Manitowoc,22014,18909,8594,2114,57689,Wisconsin,2015
55073,Marathon,34167,28865,16016,6399,94391,Wisconsin,2015
55079,Milwaukee,168695,191437,121633,64393,628900,Wisconsin,2015
55087,Outagamie,42782,37383,26118,10035,123210,Wisconsin,2015
55089,Ozaukee,,,,,,Wisconsin,2015
55097,Portage,,,,,,Wisconsin,2015
55101,Racine,39231,46555,21162,10498,131952,Wisconsin,2015
55105,Rock,40192,34129,16055,7727,109280,Wisconsin,2015
55109,St.,15340,22544,12783,5473,58408,Wisconsin,2015
55117,Sheboygan,30561,24186,12767,6096,80718,Wisconsin,2015
55127,Walworth,21646,20488,11552,6237,67530,Wisconsin,2015
55131,Washington,28782,32169,19842,7088,93246,Wisconsin,2015
55133,Waukesha,66153,82980,77571,40320,277755,Wisconsin,2015
55139,Winnebago,37731,36898,20876,8131,113119,Wisconsin,2015
55141,Wood,19820,17504,7509,4003,52129,Wisconsin,2015
56021,Laramie,16621,24909,10925,6749,64281,Wyoming,2015
56025,Natrona,15803,20202,7424,4436,53528,Wyoming,2015
72013,Arecibo,,,,,,Puerto Rico,2015
72025,Caguas,,,,,,Puerto Rico,2015
72031,Carolina,,,,,,Puerto Rico,2015
72061,Guaynabo,,,,,,Puerto Rico,2015
72113,Ponce,,,,,,Puerto Rico,2015
72127,San,,,,,,Puerto Rico,2015
72135,Toa,,,,,,Puerto Rico,2015
72137,Toa,,,,,,Puerto Rico,2015
72139,Trujillo,,,,,,Puerto Rico,2015
72097,Mayagüez,,,,,,Puerto Rico,2015
72021,Bayamón,,,,,,Puerto Rico,2015
,United,59662981,62716503,41152388,25089165,216447163,,2015
